,0,1,2,3,Mot_Type
0,509.9195556640625,396.21038818359375,672.48046875,190.53076171875,Hover
1,517.7085571289062,398.2428283691406,692.0809936523438,288.4577941894531,Hover
2,527.4849853515625,394.2731628417969,699.8959350585938,304.1824645996094,Hover
3,527.4830322265625,394.267578125,699.931396484375,304.1588439941406,Hover
4,535.3699951171875,404.0767517089844,788.0310668945312,310.0386047363281,Hover
5,541.1976318359375,413.81048583984375,762.5887451171875,368.834228515625,Hover
6,543.2451171875,419.7549743652344,813.5421752929688,398.2541198730469,Hover
7,550.9765014648438,425.62738037109375,791.9727172851562,443.2689208984375,Hover
8,551.0427856445312,427.61767578125,790.015380859375,468.7618408203125,Hover
9,549.0831298828125,431.45916748046875,760.6846313476562,556.9255981445312,Hover
10,547.0770263671875,433.50347900390625,807.6690063476562,619.5955200195312,Hover
11,545.1857299804688,433.4961853027344,725.3526000976562,619.5426635742188,Hover
12,543.219482421875,431.5321350097656,678.3214721679688,635.2258911132812,Hover
13,541.1708984375,437.3789367675781,623.4769287109375,631.36669921875,Hover
14,541.1668090820312,437.3858947753906,623.521240234375,633.2556762695312,Hover
15,533.3922119140625,435.41265869140625,578.4700927734375,639.17236328125,Hover
16,523.5767211914062,441.2663269042969,537.3251953125,648.9286499023438,Hover
17,519.697998046875,429.5875549316406,492.29937744140625,637.2307739257812,Hover
18,513.80712890625,419.7262268066406,433.4888000488281,690.1091918945312,Hover
19,509.8763427734375,415.8970947265625,409.92218017578125,629.3604125976562,Hover
20,507.9121398925781,417.7878112792969,374.7165832519531,619.5778198242188,Hover
21,502.05865478515625,417.8363037109375,351.1580810546875,547.08203125,Hover
22,504.0128173828125,415.8608703613281,327.6907043457031,519.669189453125,Hover
23,504.0170593261719,417.80987548828125,319.7884521484375,490.2986755371094,Hover
24,502.05535888671875,417.8044738769531,302.17291259765625,451.0779724121094,Hover
25,502.0549621582031,417.801025390625,300.24835205078125,451.0728454589844,Hover
26,507.8720703125,415.8482971191406,306.1718444824219,419.7593078613281,Hover
27,503.9705505371094,417.8098449707031,310.0733337402344,386.47161865234375,Hover
28,503.9720458984375,415.8040466308594,317.864501953125,353.207275390625,Hover
29,500.0679016113281,411.9175109863281,313.96246337890625,321.738525390625,Hover
30,505.92596435546875,411.9161376953125,315.89007568359375,286.53521728515625,Hover
31,507.9267272949219,407.974853515625,323.7832946777344,253.2069549560547,Hover
32,509.86407470703125,402.12530517578125,335.5333557128906,223.82089233398438,Hover
33,507.8501281738281,396.21527099609375,386.4569091796875,194.4742431640625,Hover
34,507.8499450683594,388.4004821777344,407.98248291015625,168.9692840576172,Hover
35,505.9138488769531,384.45654296875,441.2761535644531,167.00428771972656,Hover
36,507.8711853027344,382.52899169921875,466.77166748046875,163.1173095703125,Hover
37,507.8590393066406,382.5426025390625,466.77789306640625,163.0911102294922,Hover
38,502.0406188964844,394.270263671875,503.9598693847656,163.09750366210938,Hover
39,503.9613037109375,400.1864318847656,552.924072265625,167.07464599609375,Hover
40,505.9247741699219,402.10272216796875,578.467041015625,192.4991912841797,Hover
41,523.573974609375,398.1748352050781,594.1154174804688,194.41297912597656,Hover
42,525.5713500976562,400.1921691894531,633.2333374023438,215.98655700683594,Hover
43,525.5432739257812,402.14752197265625,668.5405883789062,243.4760284423828,Hover
44,531.4427490234375,402.10052490234375,678.3474731445312,292.3999938964844,Hover
45,543.1727905273438,413.9237976074219,762.59033203125,333.485107421875,Hover
46,543.1923828125,415.8891296386719,756.687255859375,370.75439453125,Hover
47,543.208984375,423.65472412109375,742.9740600585938,409.9828186035156,Hover
48,543.2111206054688,423.6526184082031,742.9752807617188,409.9864196777344,Hover
49,541.2642822265625,425.5980529785156,743.018310546875,445.1727294921875,Hover
50,545.1583862304688,429.5852355957031,758.7190551757812,468.7618408203125,Hover
51,543.1920776367188,431.525634765625,760.6800537109375,496.162109375,Hover
52,543.1671142578125,433.46612548828125,729.2489624023438,535.3442993164062,Hover
53,543.2412719726562,433.4825744628906,703.8443603515625,556.9013061523438,Hover
54,545.13525390625,431.46112060546875,678.368896484375,572.5802612304688,Hover
55,543.1900024414062,431.4694519042969,647.0202026367188,588.2589111328125,Hover
56,539.3348999023438,433.4483642578125,613.689208984375,609.8031005859375,Hover
57,527.5446166992188,429.5698547363281,541.2769165039062,621.5426635742188,Hover
58,525.552734375,429.48406982421875,496.2158508300781,621.5709228515625,Hover
59,521.6527099609375,423.694580078125,476.5166931152344,613.7103271484375,Hover
60,521.6577758789062,423.6660461425781,476.5155944824219,613.711181640625,Hover
61,519.6521606445312,415.8033142089844,445.205078125,611.7343139648438,Hover
62,515.7608032226562,415.7790832519531,427.5605773925781,570.6283569335938,Hover
63,513.7660522460938,413.8589172363281,378.5884704589844,560.8055419921875,Hover
64,513.8317260742188,411.9121398925781,366.8396301269531,521.6040649414062,Hover
65,509.9272155761719,417.840576171875,351.1999816894531,486.3918762207031,Hover
66,509.865234375,417.8307189941406,333.52392578125,445.1613464355469,Hover
67,507.8998718261719,421.6895751953125,337.4600830078125,415.7861633300781,Hover
68,509.91448974609375,421.7134094238281,337.5091552734375,384.5726623535156,Hover
69,507.9111633300781,413.8266296386719,327.6610107421875,304.1607666015625,Hover
70,509.8428649902344,402.11376953125,337.4972229003906,274.80694580078125,Hover
71,509.83880615234375,402.12786865234375,337.4901428222656,274.8028259277344,Hover
72,509.906005859375,400.1674499511719,343.34259033203125,237.54969787597656,Hover
73,507.9286193847656,398.2033386230469,359.00750732421875,196.4423370361328,Hover
74,507.9548645019531,396.21221923828125,382.5792541503906,190.51515197753906,Hover
75,507.9490051269531,392.3087463378906,411.86126708984375,180.76698303222656,Hover
76,507.9123840332031,382.5446472167969,441.2719421386719,176.79856872558594,Hover
77,504.01654052734375,380.5631103515625,472.6556396484375,182.67633056640625,Hover
78,505.95947265625,384.47003173828125,505.95343017578125,167.00308227539062,Hover
79,509.8179931640625,382.552001953125,551.0323486328125,163.1555633544922,Hover
80,509.86138916015625,398.1827697753906,574.5367431640625,178.7854766845703,Hover
81,541.2963256835938,382.56689453125,635.2147827148438,200.3062286376953,Hover
82,543.225341796875,386.4540710449219,678.3521118164062,192.46153259277344,Hover
83,543.2228393554688,386.46783447265625,678.351806640625,192.45993041992188,Hover
84,549.0433349609375,394.28814697265625,690.0946655273438,259.10797119140625,Hover
85,549.0274047851562,398.14117431640625,709.7097778320312,298.3077087402344,Hover
86,552.9971313476562,402.14508056640625,746.9302978515625,323.7494201660156,Hover
87,556.9696044921875,411.90106201171875,727.3673095703125,366.90826416015625,Hover
88,560.8098754882812,415.8138427734375,744.9729614257812,396.21795654296875,Hover
89,558.8780517578125,419.72784423828125,735.162353515625,429.4737548828125,Hover
90,556.9578857421875,425.6070556640625,739.0628051757812,447.2192687988281,Hover
91,556.9503173828125,429.47967529296875,729.2828369140625,482.43658447265625,Hover
92,556.8541259765625,421.7401428222656,695.9297485351562,513.7672119140625,Hover
93,554.8663940429688,421.7331848144531,666.6057739257812,541.2412109375,Hover
94,552.9711303710938,425.61151123046875,637.2195434570312,570.5894775390625,Hover
95,547.0714721679688,429.5461120605469,603.907470703125,598.0025024414062,Hover
96,541.220703125,429.5516052246094,572.52783203125,611.7736206054688,Hover
97,539.3353881835938,427.6058654785156,541.3020629882812,623.5244140625,Hover
98,537.2819213867188,425.6299133300781,507.8439636230469,629.3588256835938,Hover
99,533.3903198242188,421.6968078613281,478.52606201171875,639.208251953125,Hover
100,533.3524780273438,415.8904724121094,460.868408203125,621.59765625,Hover
101,527.5776977539062,423.66387939453125,433.5135803222656,619.6117553710938,Hover
102,525.6026000976562,423.6724853515625,413.9192810058594,603.963134765625,Hover
103,527.5318603515625,417.8394775390625,400.1141357421875,588.3004150390625,Hover
104,529.4801635742188,417.7848815917969,394.276123046875,570.5198364257812,Hover
105,539.2066040039062,409.94622802734375,384.5284118652344,550.9957885742188,Hover
106,539.18701171875,413.84381103515625,384.5189208984375,525.48486328125,Hover
107,543.162109375,413.82080078125,384.4835205078125,500.0699768066406,Hover
108,547.1295166015625,409.9245910644531,364.8786315917969,474.61822509765625,Hover
109,554.9232177734375,409.9521179199219,378.5946350097656,447.1122131347656,Hover
110,556.905517578125,409.958740234375,374.6888427734375,411.91900634765625,Hover
111,568.60693359375,400.1208190917969,384.50030517578125,384.5005798339844,Hover
112,562.7470703125,392.35638427734375,384.49200439453125,355.1354064941406,Hover
113,558.8450317382812,386.4594421386719,382.4972229003906,321.8546447753906,Hover
114,554.880859375,382.4521789550781,368.8483581542969,290.4000244140625,Hover
115,554.8776245117188,368.8869323730469,362.95672607421875,255.18212890625,Hover
116,549.0210571289062,357.0658264160156,366.87957763671875,227.77134704589844,Hover
117,545.1262817382812,349.1861267089844,372.74761962890625,196.3813018798828,Hover
118,543.2078857421875,337.4161376953125,382.52880859375,172.8858642578125,Hover
119,543.1610107421875,325.7011413574219,386.46075439453125,137.62387084960938,Hover
120,543.2239379882812,321.7908630371094,402.14141845703125,102.37774658203125,Hover
121,545.137451171875,313.9491882324219,437.39263916015625,118.06539916992188,Hover
122,545.1515502929688,308.1337585449219,447.19378662109375,90.615966796875,Hover
123,543.2040405273438,310.0246276855469,476.4986877441406,104.31686401367188,Hover
124,551.0051879882812,317.90478515625,500.07843017578125,102.41365814208984,Hover
125,552.9993896484375,323.794677734375,529.478759765625,114.09844970703125,Hover
126,558.9011840820312,329.6553955078125,566.7135620117188,129.780029296875,Hover
127,566.6488647460938,341.4219055175781,599.9656372070312,161.0977325439453,Hover
128,566.6860961914062,349.238525390625,619.5886840820312,196.39974975585938,Hover
129,574.4885864257812,364.9241638183594,629.3949584960938,225.80218505859375,Hover
130,582.3796997070312,380.5526428222656,652.9130249023438,276.75811767578125,Hover
131,523.6187133789062,511.8495788574219,558.8895263671875,398.1949462890625,Hover
132,588.2870483398438,386.4590148925781,664.6399536132812,351.1908874511719,Hover
133,601.9220581054688,382.54058837890625,0.0,0.0,Hover
134,602.0036010742188,364.9245300292969,646.9758911132812,431.5577392578125,Hover
135,601.9896240234375,368.8768310546875,635.2821044921875,472.6176452636719,Hover
136,601.974609375,378.6212463378906,621.5219116210938,502.0465393066406,Hover
137,601.9464721679688,380.55230712890625,602.0142822265625,529.44580078125,Hover
138,600.0282592773438,382.4756774902344,582.3518676757812,547.1019287109375,Hover
139,600.0243530273438,382.4719543457031,556.8955688476562,556.8965454101562,Hover
140,599.9674682617188,382.58795166015625,539.2689208984375,554.9364013671875,Hover
141,599.9484252929688,384.4559631347656,509.93133544921875,572.521240234375,Hover
142,599.9669799804688,382.5629577636719,488.34228515625,568.6025390625,Hover
143,590.1889038085938,396.1824035644531,462.8707580566406,570.5997314453125,Hover
144,592.1248168945312,390.35150146484375,439.3402099609375,570.6072387695312,Hover
145,588.3036499023438,394.2665100097656,431.5306091308594,558.9037475585938,Hover
146,586.3489990234375,398.1296691894531,417.8401794433594,554.9595336914062,Hover
147,584.3385620117188,400.239501953125,415.8310241699219,537.2841186523438,Hover
148,590.2200927734375,400.1497802734375,413.8722229003906,517.7427978515625,Hover
149,594.1506958007812,400.1228332519531,404.06207275390625,494.2176513671875,Hover
150,601.9017333984375,398.24786376953125,396.2449645996094,462.94403076171875,Hover
151,603.8414916992188,398.2477111816406,402.1055908203125,439.3590087890625,Hover
152,603.8583374023438,396.27642822265625,400.18780517578125,413.944580078125,Hover
153,603.908935546875,396.2123718261719,396.22674560546875,380.5956115722656,Hover
154,601.8924560546875,386.4496154785156,408.0216979980469,357.0314025878906,Hover
155,598.0618286132812,382.53411865234375,402.16949462890625,327.66253662109375,Hover
156,590.1895751953125,374.6878662109375,394.3143310546875,294.3772888183594,Hover
157,586.3250732421875,370.8122253417969,400.19537353515625,272.846923828125,Hover
158,586.2247314453125,366.8847961425781,409.96148681640625,245.4098358154297,Hover
159,582.3598022460938,366.8002014160156,415.9188232421875,221.845947265625,Hover
160,570.599609375,357.0603332519531,427.53472900390625,194.506103515625,Hover
161,570.5331420898438,349.19525146484375,441.3330078125,170.93963623046875,Hover
162,570.6296997070312,339.4368896484375,460.86456298828125,151.32907104492188,Hover
163,570.643798828125,337.4202575683594,480.5102233886719,137.65142822265625,Hover
164,566.6696166992188,337.4132385253906,505.9457092285156,131.7903594970703,Hover
165,564.754638671875,335.52691650390625,525.5679931640625,125.90547180175781,Hover
166,572.5302124023438,337.4633483886719,556.8303833007812,141.56141662597656,Hover
167,574.5223999023438,349.22021484375,588.2029418945312,163.11288452148438,Hover
168,574.5577392578125,355.07958984375,605.9353637695312,186.62237548828125,Hover
169,578.439453125,364.8436279296875,631.3688354492188,212.04376220703125,Hover
170,586.2008056640625,372.7206115722656,633.311767578125,253.2183074951172,Hover
171,527.5238037109375,509.9181213378906,527.5213623046875,439.3465881347656,Hover
172,594.1181640625,382.5093994140625,709.681396484375,339.400146484375,Hover
173,603.9102783203125,386.4612121582031,711.6690673828125,388.4236145019531,Hover
174,609.7748413085938,366.8498229980469,695.9993286132812,425.6501770019531,Hover
175,609.7627563476562,368.82720947265625,690.1069946289062,472.6308898925781,Hover
176,611.7225952148438,372.750244140625,674.4686889648438,494.1963195800781,Hover
177,615.6025390625,378.6328125,650.9755249023438,531.4107666015625,Hover
178,615.6111450195312,378.5801696777344,627.3911743164062,547.0919799804688,Hover
179,615.6142578125,378.6220703125,596.0787963867188,562.7989501953125,Hover
180,613.695068359375,380.5652160644531,570.6246948242188,588.2522583007812,Hover
181,609.8101806640625,380.5991516113281,539.2353515625,570.5932006835938,Hover
182,604.0023803710938,384.45550537109375,509.82598876953125,572.5059814453125,Hover
183,601.9973754882812,386.4739990234375,476.605224609375,566.6943359375,Hover
184,590.26318359375,398.174072265625,458.9366760253906,545.1309204101562,Hover
185,590.2445068359375,396.2298889160156,425.62176513671875,541.2091064453125,Hover
186,586.2897338867188,398.2347412109375,425.62890625,511.81915283203125,Hover
187,586.2239379882812,396.28118896484375,406.0278625488281,494.2141418457031,Hover
188,588.1878662109375,390.3941345214844,392.328857421875,466.80755615234375,Hover
189,588.243408203125,386.44476318359375,378.6302185058594,445.1959228515625,Hover
190,588.2235717773438,384.4583435058594,357.079345703125,411.9115905761719,Hover
191,586.293701171875,380.5382385253906,351.1611022949219,382.5673828125,Hover
192,578.4229736328125,372.7700500488281,359.0325622558594,353.2397155761719,Hover
193,572.63037109375,366.8923645019531,364.8748779296875,323.75140380859375,Hover
194,570.6652221679688,364.9305114746094,337.5048828125,284.59625244140625,Hover
195,568.619873046875,353.1531066894531,353.10589599609375,257.1387634277344,Hover
196,562.7698364257812,343.3689880371094,359.0143127441406,229.70327758789062,Hover
197,556.848388671875,335.56585693359375,364.91632080078125,198.36424255371094,Hover
198,554.858642578125,325.7410583496094,368.7877197265625,165.08450317382812,Hover
199,551.0044555664062,321.789306640625,384.4874267578125,139.59213256835938,Hover
200,554.9171752929688,319.7538146972656,398.2358093261719,121.97881317138672,Hover
201,551.0364990234375,313.9587707519531,431.4538879394531,125.89508056640625,Hover
202,552.9699096679688,315.8958435058594,449.13067626953125,120.03101348876953,Hover
203,556.923583984375,312.01519775390625,470.67474365234375,118.01081848144531,Hover
204,554.9879760742188,321.7618408203125,496.2073669433594,123.93218231201172,Hover
205,558.8673095703125,323.7993469238281,525.4978637695312,133.75010681152344,Hover
206,556.9339599609375,337.482177734375,556.8367919921875,155.27285766601562,Hover
207,558.887939453125,341.3966369628906,588.2050170898438,178.7295379638672,Hover
208,566.6610717773438,353.104248046875,617.67578125,196.45021057128906,Hover
209,572.5919189453125,361.0063781738281,633.2686157226562,225.7999267578125,Hover
210,570.654296875,370.7972106933594,0.0,0.0,Hover
211,580.4010009765625,378.5852355957031,695.9679565429688,313.9783630371094,Hover
212,582.3609619140625,376.6684265136719,721.4851684570312,351.10882568359375,Hover
213,590.2294311523438,376.6435241699219,766.5166015625,384.51727294921875,Hover
214,592.1779174804688,380.5783386230469,752.8070678710938,417.826171875,Hover
215,592.1285400390625,388.3985595703125,741.0505981445312,458.8833923339844,Hover
216,590.2107543945312,398.212890625,731.2694091796875,492.2838439941406,Hover
217,588.282470703125,398.18914794921875,715.6157836914062,523.554931640625,Hover
218,588.1976318359375,398.2659912109375,699.88916015625,549.0699462890625,Hover
219,586.2178344726562,402.1336364746094,680.3444213867188,568.65087890625,Hover
220,578.4796752929688,406.0294494628906,664.5776977539062,599.978515625,Hover
221,570.6453247070312,411.8590087890625,625.4436645507812,615.6879272460938,Hover
222,564.7064208984375,411.9379577636719,586.2845458984375,619.5618896484375,Hover
223,556.9314575195312,411.9067077636719,552.9142456054688,621.5787963867188,Hover
224,552.9283447265625,407.9865417480469,507.89007568359375,627.4379272460938,Hover
225,539.3143310546875,409.9549560546875,476.57586669921875,633.2886962890625,Hover
226,535.3641357421875,402.1570129394531,435.43243408203125,609.797119140625,Hover
227,529.503662109375,402.1039123535156,400.1849365234375,605.9168701171875,Hover
228,525.5438232421875,398.1490783691406,429.53204345703125,507.9085998535156,Hover
229,521.606201171875,390.36737060546875,366.8753967285156,525.5403442382812,Hover
230,521.6024780273438,386.4830017089844,349.20062255859375,494.2537841796875,Hover
231,515.7398681640625,382.55499267578125,278.7024841308594,447.200439453125,Hover
232,523.5624389648438,392.3248596191406,306.1173095703125,421.7148132324219,Hover
233,519.682373046875,374.7181396484375,360.99017333984375,374.6799011230469,Hover
234,515.7522583007812,366.87060546875,372.7237854003906,315.9412536621094,Hover
235,511.8643493652344,368.794677734375,374.7009582519531,249.29840087890625,Hover
236,511.8810119628906,362.9535217285156,408.0109558105469,241.47821044921875,Hover
237,511.8722839355469,355.08416748046875,433.4421081542969,219.9474639892578,Hover
238,509.9242248535156,357.05987548828125,447.1764831542969,184.66732788085938,Hover
239,507.8940734863281,357.0530700683594,466.7601318359375,172.8968505859375,Hover
240,507.9143981933594,355.09283447265625,507.8626708984375,149.3850860595703,Hover
241,509.9601135253906,345.3038635253906,554.9848022460938,153.2959747314453,Hover
242,513.7822875976562,349.2447509765625,570.6506958007812,167.02906799316406,Hover
243,523.5049438476562,351.1327819824219,605.86669921875,170.93031311035156,Hover
244,537.2508544921875,353.1837158203125,646.9779052734375,184.64016723632812,Hover
245,537.2797241210938,351.203125,682.2718505859375,215.9758758544922,Hover
246,539.2413940429688,364.8815002441406,693.9879760742188,290.4300537109375,Hover
247,545.1099853515625,380.56781005859375,735.1867065429688,325.6836853027344,Hover
248,551.00927734375,388.4085388183594,745.0067749023438,368.78619384765625,Hover
249,554.8846435546875,400.2254638671875,760.6627197265625,400.2240295410156,Hover
250,554.9281616210938,411.9382629394531,778.286376953125,449.1397399902344,Hover
251,554.9512329101562,417.77557373046875,772.3697509765625,494.1883850097656,Hover
252,554.9932861328125,429.5660705566406,746.9098510742188,523.619873046875,Hover
253,554.8453369140625,433.4462890625,729.2730102539062,554.8750610351562,Hover
254,549.0703735351562,433.5216979980469,719.5235595703125,590.1917724609375,Hover
255,545.1260375976562,437.3771057128906,682.2763671875,611.7404174804688,Hover
256,539.2556762695312,437.41015625,654.8387451171875,633.3167114257812,Hover
257,529.4937133789062,437.3677673339844,605.9035034179688,635.2796630859375,Hover
258,523.5596923828125,433.4810791015625,558.896728515625,650.901611328125,Hover
259,515.7242431640625,429.562255859375,523.5366821289062,639.1758422851562,Hover
260,511.8343200683594,425.61376953125,482.4314270019531,652.8847045898438,Hover
261,505.92889404296875,423.6775817871094,445.28875732421875,635.281005859375,Hover
262,500.0700988769531,417.8287048339844,396.20172119140625,631.3221435546875,Hover
263,494.2516174316406,415.81292724609375,384.52972412109375,598.0194091796875,Hover
264,494.2784423828125,406.0296936035156,364.8833923339844,554.9119873046875,Hover
265,494.1523132324219,402.1525573730469,335.5208740234375,521.63037109375,Hover
266,488.3420715332031,398.1623229980469,333.560546875,478.5064697265625,Hover
267,492.174560546875,390.3767395019531,323.7531433105469,449.1645202636719,Hover
268,492.22479248046875,384.52630615234375,325.71600341796875,408.00787353515625,Hover
269,494.1720275878906,390.3565979003906,331.5856018066406,366.8760681152344,Hover
270,494.1590881347656,384.45684814453125,345.32440185546875,311.98919677734375,Hover
271,496.2140197753906,388.4013366699219,378.6210021972656,284.5677795410156,Hover
272,496.1863708496094,384.4780578613281,398.21051025390625,239.49427795410156,Hover
273,478.5389404296875,368.8053894042969,425.6041259765625,200.32106018066406,Hover
274,500.0593566894531,437.390869140625,0.0,0.0,Hover
275,492.2687072753906,413.9013977050781,0.0,0.0,Hover
276,494.1501770019531,355.1026916503906,525.605712890625,145.4993438720703,Hover
277,504.00738525390625,349.2165222167969,556.8591918945312,147.4127197265625,Hover
278,515.7520141601562,345.3115234375,609.77294921875,147.43609619140625,Hover
279,525.5556640625,345.3134460449219,643.0684204101562,131.79258728027344,Hover
280,527.5367431640625,335.4692687988281,664.6495361328125,178.82249450683594,Hover
281,539.2671508789062,337.5139465332031,707.7539672851562,210.16339111328125,Hover
282,554.8837280273438,351.1513671875,746.9696655273438,227.8118438720703,Hover
283,556.9635620117188,355.1627197265625,735.1575317382812,308.08135986328125,Hover
284,572.5130615234375,372.7171936035156,821.3286743164062,292.4560241699219,Hover
285,578.4411010742188,384.5547790527344,774.3670654296875,359.01873779296875,Hover
286,584.2919311523438,400.17034912109375,846.83251953125,370.7691650390625,Hover
287,582.34228515625,413.853271484375,840.9627075195312,406.04583740234375,Hover
288,578.4486083984375,425.6452941894531,809.6307373046875,445.2001037597656,Hover
289,572.6294555664062,435.411376953125,850.7467651367188,494.2135009765625,Hover
290,570.5296020507812,439.3721008300781,823.3496704101562,541.1824951171875,Hover
291,562.7841186523438,445.16278076171875,819.440185546875,572.5323486328125,Hover
292,558.8465576171875,451.1253662109375,805.693603515625,611.7687377929688,Hover
293,554.9119873046875,455.0379943847656,768.5052490234375,621.5830078125,Hover
294,545.13720703125,451.09625244140625,742.9860229492188,650.9221801757812,Hover
295,552.94482421875,476.54595947265625,697.9865112304688,648.9879760742188,Hover
296,531.409912109375,449.1181335449219,666.5692138671875,660.703125,Hover
297,523.59765625,439.3583679199219,621.5834350585938,648.9728393554688,Hover
298,511.8675231933594,435.4548645019531,588.2974853515625,645.0471801757812,Hover
299,509.8074035644531,417.8176574707031,552.9281005859375,601.9212036132812,Hover
300,498.1611633300781,417.78814697265625,529.4743041992188,572.5980834960938,Hover
301,500.0762023925781,409.9595947265625,513.7721557617188,541.2335205078125,Hover
302,498.1033630371094,398.1728515625,507.8379821777344,539.2330322265625,Hover
303,494.26953125,394.2707824707031,507.92840576171875,496.15716552734375,Hover
304,492.2416687011719,447.16400146484375,586.2913208007812,537.3200073242188,Hover
305,517.68701171875,437.3811340332031,578.4530639648438,349.2278747558594,Hover
306,496.14263916015625,411.9173889160156,527.5231323242188,355.1100769042969,Hover
307,494.2503356933594,384.5526428222656,578.4735717773438,288.55145263671875,Hover
308,513.7820434570312,366.8329772949219,643.0739135742188,210.11514282226562,Hover
309,513.7841186523438,353.1230773925781,662.6331176757812,196.4329376220703,Hover
310,533.3927612304688,337.4441223144531,666.6088256835938,208.12144470214844,Hover
311,547.1195678710938,335.5018005371094,699.9412841796875,196.37789916992188,Hover
312,558.887939453125,323.779052734375,760.6632080078125,163.16783142089844,Hover
313,572.5532836914062,329.60955810546875,793.9481811523438,165.04843139648438,Hover
314,594.121337890625,331.5705871582031,823.3678588867188,176.75930786132812,Hover
315,607.8516845703125,331.57122802734375,878.212646484375,178.76947021484375,Hover
316,631.358642578125,337.5465393066406,889.9451293945312,212.1385498046875,Hover
317,643.07080078125,353.18902587890625,856.6869506835938,272.797119140625,Hover
318,645.0628051757812,368.8082580566406,860.56005859375,315.8868103027344,Hover
319,649.0140991210938,384.48828125,982.04150390625,323.8025817871094,Hover
320,652.8595581054688,396.2373046875,836.9998779296875,368.8827209472656,Hover
321,648.9056396484375,406.0446472167969,982.0418090820312,417.8074645996094,Hover
322,637.2640380859375,415.8639221191406,829.212890625,439.3401184082031,Hover
323,637.2354736328125,431.4493713378906,838.9925537109375,472.64154052734375,Hover
324,631.2999267578125,439.3290710449219,846.8504638671875,509.838134765625,Hover
325,623.4866333007812,447.193115234375,825.3291625976562,539.3187866210938,Hover
326,613.726806640625,449.1274108886719,819.4069213867188,572.5147705078125,Hover
327,603.9406127929688,460.8472595214844,833.14501953125,613.7073974609375,Hover
328,598.0582885742188,460.88128662109375,809.6107788085938,631.363037109375,Hover
329,588.26416015625,460.90582275390625,772.3927612304688,646.9835815429688,Hover
330,572.580078125,453.0590515136719,723.4451293945312,650.9117431640625,Hover
331,560.7948608398438,449.1806945800781,682.2946166992188,650.9906616210938,Hover
332,552.984130859375,445.1895751953125,645.0772094726562,648.9705810546875,Hover
333,539.2955932617188,437.3899841308594,592.1878051757812,617.5590209960938,Hover
334,535.3341064453125,427.5932922363281,558.8833618164062,598.001708984375,Hover
335,525.5330810546875,413.8515930175781,527.5413208007812,554.886474609375,Hover
336,525.4793701171875,394.28997802734375,507.8902587890625,517.7291259765625,Hover
337,523.5567626953125,407.99871826171875,496.1877136230469,449.1378479003906,Hover
338,523.5969848632812,372.72686767578125,500.09686279296875,400.14093017578125,Hover
339,529.4865112304688,439.3355407714844,0.0,0.0,Hover
340,513.8217163085938,433.4769287109375,558.84326171875,592.1607666015625,Hover
341,504.0078125,447.1824951171875,0.0,0.0,Hover
342,492.290771484375,419.75921630859375,556.88232421875,196.44607543945312,Hover
343,533.4046020507812,351.2164001464844,570.64208984375,161.133544921875,Hover
344,527.5302124023438,321.8140869140625,576.5089721679688,174.8686065673828,Hover
345,543.1830444335938,319.86248779296875,617.6162719726562,143.53443908691406,Hover
346,547.1084594726562,298.31298828125,650.9354248046875,116.0671615600586,Hover
347,558.8731689453125,288.4433288574219,678.32275390625,102.35368347167969,Hover
348,570.634765625,278.7007141113281,697.916748046875,131.70645141601562,Hover
349,588.2222900390625,286.4835205078125,743.0350952148438,159.17486572265625,Hover
350,601.9702758789062,290.51898193359375,825.3074951171875,131.71286010742188,Hover
351,617.6798095703125,306.1753234863281,819.4003295898438,194.4149627685547,Hover
352,635.217529296875,319.7818603515625,835.1079711914062,221.90872192382812,Hover
353,649.0140991210938,337.4436950683594,874.2698364257812,257.1031799316406,Hover
354,637.2469482421875,351.2287292480469,838.9763793945312,321.8810729980469,Hover
355,637.19873046875,372.7098693847656,836.9912109375,359.04949951171875,Hover
356,633.2951049804688,386.4283142089844,833.1310424804688,406.0220031738281,Hover
357,629.3658447265625,404.0855407714844,827.2821044921875,445.2499694824219,Hover
358,617.6207885742188,413.83251953125,839.0314331054688,492.2855224609375,Hover
359,609.7740478515625,421.73687744140625,837.00244140625,541.167236328125,Hover
360,601.9703979492188,429.538818359375,809.6109008789062,564.7075805664062,Hover
361,601.9075927734375,435.413330078125,782.1917114257812,576.501953125,Hover
362,590.210205078125,439.35882568359375,758.7088623046875,586.284423828125,Hover
363,582.3363647460938,433.45550537109375,746.9134521484375,603.9554443359375,Hover
364,570.6611938476562,429.5970153808594,680.324462890625,588.2567138671875,Hover
365,560.84423828125,427.5740661621094,648.9843139648438,588.24365234375,Hover
366,554.9088745117188,419.75567626953125,599.98974609375,576.4811401367188,Hover
367,549.05908203125,413.8796081542969,556.8932495117188,556.9652709960938,Hover
368,545.1845703125,398.1735534667969,521.6016845703125,545.1322021484375,Hover
369,541.2922973632812,384.48199462890625,502.0595703125,523.5584106445312,Hover
370,539.275146484375,378.6171875,476.6206970214844,507.87481689453125,Hover
371,535.3504028320312,368.87677001953125,445.245361328125,458.9202575683594,Hover
372,533.3580322265625,362.9263916015625,445.22467041015625,409.95208740234375,Hover
373,529.4854736328125,390.3603515625,443.24505615234375,361.0011901855469,Hover
374,533.3690795898438,382.5404357910156,0.0,0.0,Hover
375,494.23040771484375,474.5997619628906,0.0,0.0,Hover
376,503.99249267578125,480.4914855957031,0.0,0.0,Hover
377,560.819580078125,402.1239013671875,0.0,0.0,Hover
378,543.1878662109375,325.72772216796875,543.167236328125,176.8077392578125,Hover
379,545.1613159179688,312.01312255859375,566.68798828125,161.11846923828125,Hover
380,547.1146240234375,294.3688049316406,617.5676879882812,141.5606689453125,Hover
381,558.909912109375,288.49615478515625,650.9301147460938,139.6147003173828,Hover
382,572.5537719726562,284.5743713378906,688.1426391601562,133.760498046875,Hover
383,586.3333129882812,286.51641845703125,737.11962890625,141.56320190429688,Hover
384,590.2180786132812,290.5068359375,746.935546875,192.43951416015625,Hover
385,596.0703125,300.2320556640625,774.322265625,223.83627319335938,Hover
386,615.6785888671875,317.86785888671875,833.1243896484375,227.75848388671875,Hover
387,623.4830322265625,333.523681640625,856.6331787109375,263.0341491699219,Hover
388,619.6062622070312,351.1982727050781,838.9915161132812,321.77301025390625,Hover
389,613.6639404296875,362.954345703125,852.6747436523438,368.7628479003906,Hover
390,605.8815307617188,378.6081237792969,854.7066040039062,423.6623840332031,Hover
391,601.9418334960938,388.4257507324219,839.0635375976562,466.7872314453125,Hover
392,598.01025390625,400.14898681640625,817.4412841796875,492.2058410644531,Hover
393,588.298095703125,409.9732971191406,788.0321044921875,527.5042724609375,Hover
394,584.3488159179688,415.8614807128906,744.9315185546875,527.5505981445312,Hover
395,574.5026245117188,413.81427001953125,721.453857421875,554.91943359375,Hover
396,566.7003173828125,409.97320556640625,670.548828125,551.0148315429688,Hover
397,556.9503784179688,411.9190979003906,633.3212890625,549.0307006835938,Hover
398,551.0444946289062,407.96881103515625,603.8643798828125,556.9270629882812,Hover
399,545.1167602539062,398.1781005859375,556.939208984375,541.2774047851562,Hover
400,541.2831420898438,388.4497985839844,511.8285217285156,535.3440551757812,Hover
401,539.26025390625,384.53436279296875,490.2980651855469,511.8578186035156,Hover
402,535.3597412109375,380.5824279785156,439.3562316894531,496.16741943359375,Hover
403,529.4674682617188,378.62957763671875,406.0368347167969,451.10650634765625,Hover
404,527.4801635742188,368.8612976074219,386.4291076660156,409.9857482910156,Hover
405,525.5654907226562,376.62335205078125,374.69744873046875,366.90484619140625,Hover
406,535.3330078125,378.59124755859375,382.5319519042969,333.49786376953125,Hover
407,527.53759765625,364.8860778808594,400.12322998046875,310.0694580078125,Hover
408,525.5032348632812,351.1396484375,368.8291931152344,235.59121704101562,Hover
409,525.5288696289062,339.45654296875,374.69744873046875,208.1861114501953,Hover
410,517.6875,329.6564025878906,396.24658203125,176.82345581054688,Hover
411,515.7682495117188,317.9017333984375,415.8053283691406,147.42066955566406,Hover
412,515.7545166015625,304.1451416015625,431.5318908691406,114.13765716552734,Hover
413,521.5791015625,296.32659912109375,460.8330383300781,86.74810028076172,Hover
414,517.7219848632812,294.3934631347656,507.8478088378906,69.07322692871094,Hover
415,525.4781494140625,294.3642883300781,527.4708862304688,72.99067687988281,Hover
416,537.2675170898438,294.36669921875,576.4566650390625,43.60494613647461,Hover
417,539.3173217773438,288.46014404296875,617.5982666015625,84.70037841796875,Hover
418,552.9878540039062,300.2410888671875,666.6707153320312,116.0691909790039,Hover
419,564.7429809570312,310.07037353515625,680.3431396484375,123.94763946533203,Hover
420,570.5543823242188,313.9576416015625,690.1317749023438,176.76528930664062,Hover
421,566.684814453125,315.8831787109375,721.48974609375,210.18621826171875,Hover
422,576.4985961914062,341.39306640625,746.9483032226562,255.202880859375,Hover
423,586.187255859375,357.0501403808594,774.3849487304688,304.1814880371094,Hover
424,586.2427978515625,366.875,778.3117065429688,360.97088623046875,Hover
425,586.2600708007812,384.4707336425781,784.162109375,396.2577209472656,Hover
426,584.2776489257812,398.1269836425781,762.6146240234375,431.57696533203125,Hover
427,572.6157836914062,398.2432556152344,752.798828125,474.6166076660156,Hover
428,572.5562744140625,408.01019287109375,727.3145141601562,496.20758056640625,Hover
429,570.5836791992188,411.8810729980469,707.7340698242188,523.5438842773438,Hover
430,564.729248046875,404.07818603515625,682.2783813476562,541.2687377929688,Hover
431,558.8252563476562,409.9438781738281,656.7952880859375,551.018798828125,Hover
432,554.9267578125,413.8447570800781,633.2763671875,562.76171875,Hover
433,547.0814819335938,407.9700622558594,594.13232421875,560.803466796875,Hover
434,541.2138061523438,400.224853515625,556.9393920898438,566.7095947265625,Hover
435,539.2654418945312,396.2217102050781,519.6778564453125,551.0319213867188,Hover
436,537.31201171875,392.30511474609375,478.5458679199219,541.2271728515625,Hover
437,533.4020385742188,386.5067138671875,453.07745361328125,511.8789367675781,Hover
438,527.5181274414062,386.48333740234375,427.5472412109375,494.1730041503906,Hover
439,525.5610961914062,386.4645080566406,384.4539794921875,468.7454833984375,Hover
440,521.5917358398438,384.53240966796875,360.98040771484375,435.4165344238281,Hover
441,517.7054443359375,384.49090576171875,325.7044982910156,392.3544006347656,Hover
442,519.6830444335938,376.6262512207031,335.4892883300781,374.6784362792969,Hover
443,509.9039611816406,368.8661804199219,345.2768249511719,335.52777099609375,Hover
444,509.8970947265625,366.80877685546875,321.7767333984375,284.5823059082031,Hover
445,507.9486083984375,355.1081237792969,319.8607177734375,237.57943725585938,Hover
446,500.10931396484375,339.45050048828125,327.6639099121094,200.335205078125,Hover
447,496.14007568359375,331.557861328125,335.5665283203125,165.08486938476562,Hover
448,496.152099609375,321.8402099609375,355.0899658203125,133.77740478515625,Hover
449,503.9657287597656,317.85858154296875,380.5696716308594,125.87535095214844,Hover
450,505.90679931640625,311.97607421875,404.0946350097656,119.986083984375,Hover
451,505.92730712890625,311.98712158203125,404.0860900878906,120.00306701660156,Hover
452,507.91021728515625,306.1743469238281,431.535888671875,100.36004638671875,Hover
453,515.74462890625,321.76025390625,492.28021240234375,108.23765563964844,Hover
454,517.7348022460938,325.7352294921875,529.474853515625,120.02078247070312,Hover
455,525.5805053710938,335.5589294433594,572.5654907226562,161.130859375,Hover
456,529.461181640625,337.4367370605469,600.0006103515625,167.05101013183594,Hover
457,541.2560424804688,351.23553466796875,605.9175415039062,212.10609436035156,Hover
458,541.1966552734375,366.8811950683594,0.0,0.0,Hover
459,545.1194458007812,353.10357666015625,648.9132080078125,292.4078063964844,Hover
460,552.9552001953125,366.8323669433594,668.6112670898438,339.4387512207031,Hover
461,554.869140625,378.5996398925781,713.6845703125,380.5347900390625,Hover
462,554.9970092773438,390.3393859863281,698.0007934570312,427.5601501464844,Hover
463,554.993408203125,388.43048095703125,697.9918212890625,427.5648193359375,Hover
464,556.8262329101562,400.1331787109375,678.3861694335938,460.9424743652344,Hover
465,554.9281005859375,402.15777587890625,648.9402465820312,529.488525390625,Hover
466,553.0068969726562,404.05352783203125,631.3196411132812,556.9112548828125,Hover
467,552.992919921875,402.168212890625,586.2164916992188,570.5923461914062,Hover
468,545.1163330078125,406.0278625488281,550.9819946289062,570.6442260742188,Hover
469,543.186767578125,400.1215515136719,507.907958984375,570.6082153320312,Hover
470,543.1580200195312,390.37420654296875,480.4991149902344,554.937255859375,Hover
471,537.3275756835938,398.1720275878906,427.595458984375,574.5286865234375,Hover
472,531.4248657226562,392.3352355957031,388.4377746582031,572.5796508789062,Hover
473,525.577880859375,392.2990417480469,396.2229919433594,537.2897338867188,Hover
474,525.5778198242188,392.3027038574219,396.2159423828125,537.2924194335938,Hover
475,523.6364135742188,390.3971252441406,364.8951721191406,513.8001098632812,Hover
476,519.6318969726562,390.39117431640625,335.50006103515625,494.2468566894531,Hover
477,513.788330078125,380.5250244140625,335.5465393066406,429.5496826171875,Hover
478,509.8625793457031,372.7196350097656,308.12451171875,413.8159484863281,Hover
479,509.8475341796875,370.8282470703125,321.765869140625,388.4440612792969,Hover
480,507.9520568847656,368.86505126953125,317.87261962890625,366.7691955566406,Hover
481,509.9011535644531,370.7679443359375,323.7677001953125,333.5062561035156,Hover
482,509.849853515625,366.810302734375,339.4756164550781,310.04742431640625,Hover
483,511.844970703125,357.0728759765625,351.1641845703125,288.46026611328125,Hover
484,513.7809448242188,357.060791015625,370.7735595703125,272.8239440917969,Hover
485,513.7804565429688,355.1341247558594,370.7732238769531,272.8251647949219,Hover
486,521.5899658203125,364.8701477050781,388.385009765625,243.46339416503906,Hover
487,525.5858154296875,370.77459716796875,411.9227600097656,231.69891357421875,Hover
488,525.5198974609375,364.9175109863281,441.3240661621094,227.7798614501953,Hover
489,525.5038452148438,366.8147277832031,470.6632995605469,231.68582153320312,Hover
490,515.7242431640625,370.8150329589844,507.8497619628906,225.77513122558594,Hover
491,529.4906005859375,382.54266357421875,539.2105712890625,255.17922973632812,Hover
492,523.5315551757812,382.5384216308594,549.0806274414062,272.810546875,Hover
493,507.9615173339844,527.491455078125,650.9401245117188,335.53546142578125,Hover
494,539.265625,392.3427429199219,566.7001953125,335.5187072753906,Hover
495,545.15625,404.08526611328125,0.0,0.0,Hover
496,539.2315673828125,390.3525390625,592.1542358398438,386.48394775390625,Hover
497,539.2575073242188,390.35894775390625,592.157958984375,388.3839416503906,Hover
498,539.2415161132812,398.2284240722656,590.2033081054688,404.0770568847656,Hover
499,541.1766967773438,384.54986572265625,605.9105224609375,443.2455139160156,Hover
500,541.2326049804688,386.4410705566406,588.2091064453125,447.2547302246094,Hover
501,541.3089599609375,382.5422668457031,564.703369140625,503.9909973144531,Hover
502,549.0474853515625,370.8014831542969,539.2622680664062,517.7056884765625,Hover
503,543.19775390625,374.7137145996094,511.8465270996094,527.4954833984375,Hover
504,543.1897583007812,372.7242126464844,500.0959167480469,523.5804443359375,Hover
505,541.2168579101562,374.7159423828125,480.5096435546875,525.5722045898438,Hover
506,539.2617797851562,374.67828369140625,453.0785827636719,525.5927124023438,Hover
507,533.4118041992188,376.67877197265625,433.4420166015625,523.5802001953125,Hover
508,533.3909912109375,378.57366943359375,431.5674133300781,523.6197509765625,Hover
509,533.3565063476562,372.7364501953125,413.92059326171875,517.6988525390625,Hover
510,523.6377563476562,376.6597900390625,384.4759521484375,509.8426818847656,Hover
511,523.6364135742188,372.7514343261719,364.9122619628906,488.3060607910156,Hover
512,521.6234130859375,372.71990966796875,353.17510986328125,476.51983642578125,Hover
513,523.5780639648438,366.8418884277344,351.1886901855469,417.8387451171875,Hover
514,523.5950927734375,360.9735412597656,353.0925598144531,396.2292175292969,Hover
515,525.5150756835938,359.0160827636719,351.2135925292969,382.5648498535156,Hover
516,525.5164794921875,360.9588623046875,368.8003234863281,366.823974609375,Hover
517,527.480224609375,362.90997314453125,376.62548828125,337.4476318359375,Hover
518,529.454345703125,366.87896728515625,388.43316650390625,329.65625,Hover
519,525.59228515625,364.91937255859375,400.1778259277344,311.98760986328125,Hover
520,525.5853271484375,364.91387939453125,400.18548583984375,311.97955322265625,Hover
521,529.4866943359375,366.8802185058594,427.59521484375,304.1884765625,Hover
522,543.1571044921875,378.6015319824219,449.1748962402344,304.08172607421875,Hover
523,541.2225341796875,386.4646911621094,476.5526428222656,304.20098876953125,Hover
524,543.20703125,384.5152282714844,492.2291259765625,304.2222595214844,Hover
525,498.1316223144531,417.7946472167969,558.8563232421875,611.7423095703125,Hover
526,519.6676025390625,406.0403137207031,554.9299926757812,351.14276123046875,Hover
527,541.22802734375,406.0475769042969,539.2188720703125,359.00738525390625,Hover
528,582.34228515625,419.76507568359375,0.0,0.0,Hover
529,543.1934814453125,400.1436767578125,599.9810791015625,380.5976257324219,Hover
530,543.2086181640625,398.238525390625,609.8084716796875,400.180908203125,Hover
531,543.2122802734375,398.2418212890625,609.8018798828125,400.1683044433594,Hover
532,547.0927734375,402.0975036621094,613.7312622070312,421.7058410644531,Hover
533,551.0111083984375,394.310546875,617.6070556640625,451.0775146484375,Hover
534,554.8446655273438,390.3513488769531,619.534912109375,474.61761474609375,Hover
535,552.9266357421875,394.3050537109375,603.8660888671875,498.11651611328125,Hover
536,552.9837646484375,392.32891845703125,592.1888427734375,515.7734375,Hover
537,545.1636962890625,394.25274658203125,545.166015625,551.01953125,Hover
538,549.0603637695312,380.5622253417969,521.6593627929688,531.4541625976562,Hover
539,541.2678833007812,382.5845947265625,502.034912109375,525.5567016601562,Hover
540,541.1904296875,382.472900390625,478.484130859375,527.557861328125,Hover
541,535.3440551757812,380.5919494628906,445.21044921875,511.847900390625,Hover
542,529.4663696289062,382.4483642578125,415.7890319824219,511.83905029296875,Hover
543,529.4801025390625,380.59210205078125,415.7882385253906,511.8469543457031,Hover
544,525.4844970703125,378.62860107421875,384.4912414550781,502.0111389160156,Hover
545,523.52001953125,372.7514343261719,370.8002624511719,482.4449462890625,Hover
546,523.5530395507812,368.8623962402344,339.43988037109375,460.852783203125,Hover
547,519.6515502929688,370.76251220703125,337.48828125,419.7980041503906,Hover
548,521.60107421875,368.76373291015625,331.5906066894531,400.1097412109375,Hover
549,511.80377197265625,355.1054382324219,335.5264892578125,358.9907531738281,Hover
550,507.927978515625,355.12908935546875,339.43310546875,335.4448547363281,Hover
551,507.9327697753906,349.17291259765625,347.2793884277344,306.147216796875,Hover
552,509.8338317871094,343.3349609375,360.9478454589844,286.51812744140625,Hover
553,511.8463439941406,337.4307861328125,382.4933166503906,274.8306579589844,Hover
554,511.8490295410156,337.4266052246094,382.50152587890625,274.8168029785156,Hover
555,521.6427612304688,347.2691345214844,398.13641357421875,261.0791015625,Hover
556,527.5067138671875,351.1507263183594,419.7768249511719,249.3294219970703,Hover
557,539.30029296875,357.080810546875,445.2760925292969,253.25233459472656,Hover
558,554.8907470703125,374.7037658691406,474.6051940917969,259.1694030761719,Hover
559,556.9463500976562,372.7334899902344,492.2626953125,276.7270812988281,Hover
560,551.0196533203125,402.10931396484375,509.90228271484375,298.3097839355469,Hover
561,541.1988525390625,398.1806640625,0.0,0.0,Hover
562,549.0415649414062,406.0445251464844,0.0,0.0,Hover
563,570.6007080078125,456.9696044921875,0.0,0.0,Hover
564,556.9130859375,443.2606201171875,627.4149169921875,478.54010009765625,Hover
565,570.5541381835938,368.8178405761719,570.644287109375,476.5690612792969,Hover
566,570.548095703125,368.8059387207031,570.6334838867188,474.611572265625,Hover
567,570.64697265625,366.8827819824219,568.5941162109375,480.4869384765625,Hover
568,574.5515747070312,366.8626403808594,566.663330078125,478.5105895996094,Hover
569,574.527587890625,370.7474060058594,554.8797607421875,509.8345031738281,Hover
570,576.4928588867188,370.7630310058594,541.174072265625,517.6858520507812,Hover
571,574.5514526367188,376.6490173339844,523.605712890625,519.6951293945312,Hover
572,572.560302734375,378.6236267089844,502.0560302734375,529.4468383789062,Hover
573,570.5656127929688,382.4693603515625,478.5750427246094,535.3629760742188,Hover
574,560.8555297851562,382.5551452636719,431.5302429199219,517.7194213867188,Hover
575,556.9449462890625,378.58209228515625,386.468994140625,521.62939453125,Hover
576,554.9056396484375,378.6304626464844,382.54425048828125,496.2096252441406,Hover
577,554.9099731445312,378.6141662597656,382.5428771972656,496.17889404296875,Hover
578,552.9132080078125,372.737060546875,357.04345703125,480.5020446777344,Hover
579,547.1146850585938,366.8673095703125,347.24737548828125,460.86181640625,Hover
580,543.2068481445312,360.9891662597656,341.3937072753906,431.5689697265625,Hover
581,539.2322387695312,368.7705078125,327.66864013671875,408.03033447265625,Hover
582,531.4150390625,366.7939147949219,317.84710693359375,396.26513671875,Hover
583,531.4277954101562,355.0691223144531,313.9408264160156,366.76708984375,Hover
584,525.5645141601562,345.2766418457031,312.0115661621094,339.4195861816406,Hover
585,527.5025024414062,339.473876953125,315.87921142578125,319.7768859863281,Hover
586,525.5945434570312,325.7541198730469,337.5035705566406,284.596435546875,Hover
587,527.5029296875,321.7872314453125,353.1566467285156,266.9336853027344,Hover
588,527.5582885742188,321.7942199707031,370.78021240234375,255.20449829101562,Hover
589,527.5639038085938,321.7889099121094,370.8132019042969,257.10992431640625,Hover
590,537.3137817382812,321.84149169921875,398.21533203125,257.1484069824219,Hover
591,539.2473754882812,323.7684631347656,417.8050537109375,263.0540771484375,Hover
592,541.2387084960938,331.5645751953125,439.31512451171875,272.78790283203125,Hover
593,543.2112426757812,349.2182922363281,451.10455322265625,284.5907287597656,Hover
594,556.8529663085938,349.2176818847656,476.5930480957031,306.0818786621094,Hover
595,556.9244995117188,335.50762939453125,0.0,0.0,Hover
596,556.9302368164062,362.94366455078125,494.1724548339844,333.5409851074219,Hover
597,554.9292602539062,382.5352478027344,0.0,0.0,Hover
598,562.7490844726562,351.22369384765625,492.2014465332031,415.7837219238281,Hover
599,560.7979736328125,353.16015625,462.85272216796875,458.9001159667969,Hover
600,560.789306640625,353.1649475097656,462.8680419921875,458.896728515625,Hover
601,556.954833984375,357.0604248046875,462.8661804199219,462.84124755859375,Hover
602,554.9874267578125,364.8853454589844,445.2236022949219,478.5014343261719,Hover
603,549.0354614257812,370.814208984375,429.59033203125,492.2475891113281,Hover
604,545.1173095703125,374.715576171875,400.223388671875,505.9488830566406,Hover
605,541.2716064453125,380.55645751953125,380.59197998046875,507.87554931640625,Hover
606,537.2811279296875,384.4313049316406,368.7857971191406,500.0490417480469,Hover
607,533.4061279296875,382.47027587890625,335.5135192871094,494.20245361328125,Hover
608,533.4030151367188,376.6571350097656,284.58184814453125,492.2638854980469,Hover
609,523.5628051757812,370.79583740234375,327.6849060058594,443.28204345703125,Hover
610,523.5349731445312,368.880615234375,304.133544921875,429.5650939941406,Hover
611,513.7744140625,366.84649658203125,296.31982421875,411.88836669921875,Hover
612,511.8723449707031,366.8475036621094,296.3233337402344,411.90118408203125,Hover
613,519.6578979492188,355.0926208496094,294.3604431152344,382.4808349609375,Hover
614,511.8238220214844,351.1605224609375,290.47528076171875,353.091796875,Hover
615,507.8882141113281,341.3763732910156,284.5434875488281,321.7381591796875,Hover
616,504.00994873046875,335.4289245605469,286.5122985839844,298.2553405761719,Hover
617,505.98541259765625,325.6964416503906,290.498291015625,280.6314392089844,Hover
618,504.0203552246094,321.78070068359375,306.16937255859375,255.1826171875,Hover
619,507.8913879394531,321.7424621582031,323.7769470214844,233.64234924316406,Hover
620,507.93707275390625,319.84564208984375,339.4638366699219,227.72705078125,Hover
621,515.7440185546875,321.82037353515625,382.57415771484375,243.38294982910156,Hover
622,523.6126098632812,325.7229919433594,404.0864562988281,251.2729034423828,Hover
623,523.60595703125,325.7319030761719,404.0716552734375,251.27093505859375,Hover
624,529.4423828125,339.476318359375,413.87396240234375,268.91632080078125,Hover
625,539.2681274414062,343.3468017578125,443.279296875,290.4695739746094,Hover
626,543.1875610351562,353.15582275390625,464.8194274902344,331.6170654296875,Hover
627,549.0772705078125,366.86016845703125,466.7679748535156,353.1567077636719,Hover
628,541.2396850585938,366.8476257324219,462.8457946777344,370.7772216796875,Hover
629,541.2813720703125,353.181640625,443.2570495605469,380.577880859375,Hover
630,545.1238403320312,360.9709167480469,447.1470642089844,400.1708679199219,Hover
631,541.2254028320312,355.15447998046875,429.58831787109375,417.7673034667969,Hover
632,539.3248901367188,360.9875183105469,417.8089599609375,449.1236572265625,Hover
633,539.2271728515625,366.9060974121094,398.2085876464844,478.5648498535156,Hover
634,539.2218627929688,368.89874267578125,368.8155517578125,496.13714599609375,Hover
635,539.2088623046875,368.9014892578125,368.7995300292969,496.133056640625,Hover
636,529.4924926757812,380.54010009765625,364.8829345703125,494.26531982421875,Hover
637,527.51123046875,378.6028137207031,353.12359619140625,492.22357177734375,Hover
638,525.6046142578125,376.6217346191406,319.8177490234375,496.1319885253906,Hover
639,525.5298461914062,372.7771301269531,270.85211181640625,492.1709899902344,Hover
640,519.691650390625,378.6030578613281,259.0735778808594,472.6728820800781,Hover
641,515.7685546875,374.6688232421875,312.0028381347656,445.2674865722656,Hover
642,511.8266296386719,372.7414855957031,298.29962158203125,429.5884094238281,Hover
643,509.84063720703125,368.7741394042969,286.5165100097656,411.88690185546875,Hover
644,509.91424560546875,359.0229187011719,292.40374755859375,384.5435791015625,Hover
645,503.9794006347656,355.095947265625,290.4643859863281,355.09222412109375,Hover
646,502.0425109863281,349.1698303222656,284.5801696777344,310.0412902832031,Hover
647,505.911865234375,339.4017028808594,300.2362060546875,290.51385498046875,Hover
648,505.9457092285156,335.484375,323.77392578125,272.7771301269531,Hover
649,505.9857177734375,325.74188232421875,327.6802673339844,219.93246459960938,Hover
650,507.9388427734375,325.7080383300781,362.9492492675781,212.10888671875,Hover
651,511.8311767578125,327.68328857421875,396.2580261230469,196.45755004882812,Hover
652,519.6491088867188,333.5008850097656,429.48248291015625,196.37570190429688,Hover
653,529.4895629882812,325.74249267578125,460.8273010253906,186.62368774414062,Hover
654,523.5731201171875,398.2242736816406,0.0,0.0,Hover
655,539.2388916015625,341.37664794921875,509.8449401855469,165.09173583984375,Hover
656,541.22021484375,351.18402099609375,558.88916015625,182.6750946044922,Hover
657,555.0035400390625,343.3257751464844,603.8533325195312,208.1680908203125,Hover
658,554.9950561523438,343.3281555175781,602.0120239257812,208.1670379638672,Hover
659,558.8494873046875,353.13623046875,637.2003173828125,221.8938446044922,Hover
660,570.5294189453125,347.2599182128906,680.3114013671875,257.11859130859375,Hover
661,568.6649780273438,349.1913757324219,707.7249145507812,304.15283203125,Hover
662,572.6126708984375,357.0586853027344,729.2944946289062,337.54180908203125,Hover
663,578.4468383789062,366.897216796875,729.3126831054688,368.88848876953125,Hover
664,574.5075073242188,368.8930358886719,752.802001953125,394.3128356933594,Hover
665,574.56640625,382.5843811035156,746.9425659179688,423.6687927246094,Hover
666,574.5045166015625,384.50811767578125,742.98681640625,454.9869079589844,Hover
667,570.6217041015625,388.392333984375,729.3259887695312,480.45989990234375,Hover
668,560.8114013671875,394.2747802734375,701.8884887695312,496.18109130859375,Hover
669,560.81396484375,394.28533935546875,684.226806640625,513.8045043945312,Hover
670,556.899169921875,400.1257629394531,670.5120849609375,541.2606811523438,Hover
671,549.0560302734375,396.1969909667969,631.3514404296875,537.2639770507812,Hover
672,543.1793823242188,390.37255859375,603.8765258789062,539.31201171875,Hover
673,539.2730712890625,390.38616943359375,562.7796630859375,537.2645263671875,Hover
674,529.4495849609375,386.4831237792969,543.1524658203125,519.69189453125,Hover
675,531.4403686523438,372.7117614746094,521.6337280273438,492.2763366699219,Hover
676,527.5293579101562,364.8767395019531,505.9608459472656,470.71490478515625,Hover
677,527.5278930664062,362.9275207519531,500.0711975097656,433.4636535644531,Hover
678,527.496826171875,360.96038818359375,507.8541259765625,386.45843505859375,Hover
679,533.371826171875,325.7313232421875,533.3937377929688,335.5631408691406,Hover
680,490.29364013671875,425.6247863769531,0.0,0.0,Hover
681,504.00445556640625,453.05712890625,0.0,0.0,Hover
682,507.8620910644531,521.592529296875,0.0,0.0,Hover
683,505.9642333984375,445.2330322265625,545.1407470703125,321.8058166503906,Hover
684,517.7259521484375,349.2105712890625,570.6475830078125,245.40316772460938,Hover
685,527.5376586914062,345.31634521484375,605.875,229.7405548095703,Hover
686,535.349853515625,337.4652099609375,633.3330078125,217.96568298339844,Hover
687,549.0717163085938,337.44287109375,662.6732177734375,212.05032348632812,Hover
688,558.8497924804688,333.56768798828125,678.361572265625,229.76551818847656,Hover
689,566.6810913085938,335.4903869628906,711.6383056640625,237.52993774414062,Hover
690,572.6091918945312,337.4881591796875,743.0245971679688,245.43968200683594,Hover
691,576.4851684570312,351.2116394042969,766.515380859375,274.7383728027344,Hover
692,586.3330688476562,359.0519104003906,827.2598876953125,290.49755859375,Hover
693,588.2360229492188,368.81463623046875,791.9983520507812,347.275390625,Hover
694,588.1758422851562,378.62493896484375,825.2810668945312,370.8157043457031,Hover
695,586.2322387695312,384.4599609375,827.2476196289062,407.990966796875,Hover
696,586.2129516601562,396.2415771484375,791.955078125,441.2695617675781,Hover
697,586.2678833007812,402.1631164550781,780.2442626953125,470.7059020996094,Hover
698,572.6145629882812,400.1833801269531,762.60986328125,494.1779479980469,Hover
699,568.6640625,404.1077880859375,744.9690551757812,507.9731140136719,Hover
700,560.849365234375,402.1704406738281,727.3148193359375,523.5164184570312,Hover
701,556.939697265625,398.2328796386719,682.313720703125,525.5980834960938,Hover
702,552.9498901367188,398.16510009765625,654.871826171875,525.5281372070312,Hover
703,543.231201171875,394.2997741699219,625.4605102539062,513.8060302734375,Hover
704,541.1807250976562,394.2787780761719,605.843994140625,504.0172424316406,Hover
705,537.3178100585938,394.2606506347656,590.1746826171875,494.2187194824219,Hover
706,535.3427124023438,378.6175231933594,556.9696655273438,460.89422607421875,Hover
707,533.3530883789062,368.83258056640625,554.8924560546875,458.9100036621094,Hover
708,531.4288330078125,398.2066955566406,615.6517944335938,521.6065063476562,Hover
709,533.3704223632812,433.4654235839844,0.0,0.0,Hover
710,541.2040405273438,398.17535400390625,603.9221801757812,355.0968017578125,Hover
711,531.4332275390625,413.8972473144531,0.0,0.0,Hover
712,535.3533325195312,396.24945068359375,0.0,0.0,Hover
713,539.26611328125,361.0013732910156,607.8419189453125,272.8124694824219,Hover
714,549.0584716796875,353.1907043457031,637.2116088867188,257.0927734375,Hover
715,556.91015625,345.3030700683594,682.333740234375,227.75802612304688,Hover
716,568.615478515625,345.3094787597656,690.1033935546875,241.4124298095703,Hover
717,572.6556396484375,345.2939758300781,715.6117553710938,243.4298095703125,Hover
718,584.3079223632812,347.25439453125,745.04443359375,247.342041015625,Hover
719,588.27978515625,353.0993347167969,778.2820434570312,259.056396484375,Hover
720,599.957763671875,353.20855712890625,821.4104614257812,268.9040222167969,Hover
721,601.9260864257812,353.1422119140625,837.0140380859375,294.3730163574219,Hover
722,603.9081420898438,360.9490051269531,844.8690795898438,321.8465576171875,Hover
723,601.9627685546875,368.7767333984375,848.8027954101562,351.19415283203125,Hover
724,605.8831176757812,380.53125,839.0365600585938,378.6329040527344,Hover
725,607.8050537109375,390.389404296875,839.0233764648438,411.8781433105469,Hover
726,603.8757934570312,396.2518310546875,835.0997314453125,447.1720886230469,Hover
727,603.8805541992188,402.17120361328125,823.3480834960938,462.8836669921875,Hover
728,601.927734375,413.8292541503906,817.475830078125,492.2447814941406,Hover
729,586.314453125,404.0986328125,772.38134765625,513.7767333984375,Hover
730,586.2232055664062,408.01727294921875,742.9615478515625,521.6539306640625,Hover
731,574.5068359375,406.0721130371094,709.6892700195312,527.489013671875,Hover
732,570.56640625,398.2079772949219,672.4859619140625,525.531005859375,Hover
733,560.8060302734375,394.25836181640625,637.1976928710938,509.84429931640625,Hover
734,554.9805297851562,384.4923400878906,621.519775390625,500.108154296875,Hover
735,552.92578125,382.5213928222656,617.5678100585938,505.95660400390625,Hover
736,545.112060546875,380.51904296875,601.8930053710938,474.5853271484375,Hover
737,543.2164916992188,368.830078125,578.4337158203125,427.5577087402344,Hover
738,541.2435913085938,382.5647888183594,570.564453125,396.23468017578125,Hover
739,556.882080078125,384.5117492675781,666.594970703125,439.33807373046875,Hover
740,574.5599975585938,400.150390625,592.15380859375,362.9186706542969,Hover
741,549.0472412109375,366.8819274902344,603.911865234375,302.216796875,Hover
742,556.8826293945312,362.9323425292969,613.7140502929688,272.88006591796875,Hover
743,562.765380859375,353.1445617675781,643.10595703125,243.42974853515625,Hover
744,570.604248046875,341.4096984863281,666.6362915039062,217.95278930664062,Hover
745,584.25537109375,339.43402099609375,695.9653930664062,196.44970703125,Hover
746,586.2396850585938,331.593994140625,717.5646362304688,194.43125915527344,Hover
747,586.3184814453125,321.80072021484375,721.4386596679688,210.15028381347656,Hover
748,592.1388549804688,319.8896789550781,756.7201538085938,206.2353057861328,Hover
749,599.9339599609375,323.80413818359375,784.14208984375,210.12802124023438,Hover
750,603.9603881835938,323.8076477050781,819.3751831054688,219.89430236816406,Hover
751,617.6168823242188,335.4884338378906,850.7432250976562,241.43338012695312,Hover
752,619.549560546875,339.4363708496094,860.5535888671875,265.01092529296875,Hover
753,623.4857177734375,353.12322998046875,856.6611328125,300.2230529785156,Hover
754,631.2941284179688,362.90057373046875,858.6011352539062,333.52374267578125,Hover
755,619.5427856445312,368.8234558105469,858.6102294921875,362.9019775390625,Hover
756,615.67822265625,380.5364685058594,854.6466674804688,386.4888000488281,Hover
757,619.5369873046875,388.4281921386719,868.3897705078125,429.50555419921875,Hover
758,617.6439819335938,398.1881103515625,848.81201171875,455.0074768066406,Hover
759,607.8666381835938,400.14556884765625,839.0076293945312,478.5962829589844,Hover
760,603.876708984375,404.0592346191406,835.03564453125,507.85711669921875,Hover
761,599.9539184570312,408.0126037597656,805.6808471679688,511.809814453125,Hover
762,590.1912231445312,409.9272766113281,774.3670654296875,523.5723266601562,Hover
763,578.4592895507812,402.159912109375,748.8660888671875,525.4819946289062,Hover
764,578.423583984375,411.88055419921875,725.3971557617188,525.5459594726562,Hover
765,570.582763671875,400.2012939453125,697.93359375,521.6234130859375,Hover
766,562.7420043945312,388.4454040527344,678.3297119140625,507.9439392089844,Hover
767,556.9667358398438,384.5567626953125,658.7817993164062,494.2317199707031,Hover
768,556.8543090820312,380.5221252441406,650.9282836914062,474.5636901855469,Hover
769,554.862548828125,372.7149963378906,625.4691162109375,443.2767028808594,Hover
770,560.8273315429688,396.2445068359375,592.1480102539062,407.97930908203125,Hover
771,560.831787109375,382.5433654785156,592.1468505859375,384.4451599121094,Hover
772,558.8436889648438,374.70855712890625,613.7052612304688,362.90399169921875,Hover
773,549.0548095703125,360.9920349121094,617.6600341796875,317.8637390136719,Hover
774,556.9560546875,353.193115234375,645.0269775390625,270.8113098144531,Hover
775,568.6460571289062,341.3623962402344,678.352783203125,229.71017456054688,Hover
776,562.757568359375,321.81695556640625,697.9700317382812,200.36691284179688,Hover
777,568.5830688476562,315.8963928222656,725.3543701171875,182.7598114013672,Hover
778,576.510009765625,317.8966369628906,711.6096801757812,198.39266967773438,Hover
779,582.3201904296875,306.16986083984375,741.0494995117188,186.62396240234375,Hover
780,582.3806762695312,304.1134033203125,758.6729125976562,194.4399871826172,Hover
781,588.23388671875,304.1695251464844,786.0819702148438,194.441650390625,Hover
782,599.9862670898438,308.1225280761719,819.395263671875,194.44651794433594,Hover
783,601.9539184570312,308.0925598144531,839.0457763671875,210.18630981445312,Hover
784,603.9911499023438,319.8705749511719,858.5977783203125,239.48558044433594,Hover
785,619.6302490234375,327.6555480957031,868.4287109375,261.1037292480469,Hover
786,619.543212890625,337.4802551269531,874.3024291992188,292.4306945800781,Hover
787,619.5624389648438,351.1195983886719,876.2462158203125,325.7213439941406,Hover
788,611.7365112304688,359.0269470214844,862.5209350585938,360.9909362792969,Hover
789,605.8499755859375,368.8853759765625,856.6617431640625,386.469482421875,Hover
790,600.0066528320312,382.5411376953125,846.8441162109375,433.49493408203125,Hover
791,594.1258544921875,388.3970947265625,831.1806030273438,464.8609619140625,Hover
792,588.2293090820312,392.3507385253906,825.2713012695312,503.992431640625,Hover
