,0,1,2,3,4,5,6,7,8,9,10,11,12,13,14,15,16,17,18,19,20,21,22,23,24,25,26,27,28,29,30,31,32,33,34,35,36,37,38,39,40,41,42,43,44,45,46,47,48,49,Ges_Type
0,701.8323364257812,243.49864196777344,698.0252685546875,274.71539306640625,680.3338623046875,272.8996887207031,666.6646728515625,306.086669921875,664.63134765625,337.3814697265625,719.486328125,274.7781677246094,727.2509765625,306.1187744140625,727.3401489257812,335.5505065917969,695.9864501953125,337.5188903808594,682.229248046875,337.4718933105469,680.3510131835938,384.5018310546875,680.2457885742188,431.5896911621094,709.6959228515625,337.55908203125,703.8463134765625,386.4650573730469,699.8890380859375,431.57135009765625,697.9367065429688,241.54141235351562,709.6382446289062,241.5592803955078,693.9783325195312,245.4132080078125,713.5679931640625,245.47048950195312,711.582275390625,445.123779296875,713.5956420898438,441.3057861328125,697.8742065429688,441.26275634765625,680.3873901367188,445.2414245605469,674.4010009765625,445.16925048828125,680.3143310546875,437.41827392578125,none
1,699.9764404296875,243.5110321044922,698.0228881835938,272.84417724609375,680.3236694335938,272.8134460449219,666.6337890625,304.2159423828125,664.6068115234375,335.5302734375,719.4832153320312,272.90948486328125,727.2859497070312,304.2488708496094,727.376708984375,335.4659118652344,695.9954833984375,335.5975646972656,682.2579345703125,335.5293273925781,680.378662109375,382.6202087402344,680.3118286132812,431.5405578613281,709.7012939453125,337.42901611328125,705.792724609375,384.50390625,699.9307250976562,431.485107421875,697.9298095703125,241.5478973388672,707.7760009765625,243.33920288085938,693.9703369140625,245.38626098632812,713.5591430664062,245.43299865722656,711.6026611328125,443.25927734375,713.6331176757812,439.30218505859375,697.906982421875,437.3857421875,682.3017578125,445.17169189453125,676.422607421875,445.11663818359375,680.3573608398438,437.3607177734375,none
2,703.858154296875,241.43687438964844,701.91796875,270.8719177246094,682.2376708984375,270.8739318847656,680.2254638671875,304.18603515625,680.2317504882812,335.44989013671875,727.3095703125,272.6994934082031,729.3779296875,304.1122741699219,731.3008422851562,335.4507141113281,705.7893676757812,337.4142150878906,694.0565185546875,337.4225158691406,694.032470703125,384.5223693847656,694.0375366210938,431.5910949707031,715.57373046875,337.4168701171875,713.62939453125,384.5482177734375,711.7115478515625,431.4244384765625,698.009765625,237.55850219726562,711.5577392578125,237.5421142578125,695.8856201171875,241.5179901123047,713.7299194335938,241.51808166503906,715.5946044921875,441.3392639160156,723.4219360351562,437.3757019042969,709.718017578125,433.51678466796875,696.0670166015625,445.1681213378906,690.1232299804688,445.1347961425781,694.068359375,439.3066101074219,none
3,709.6824340820312,245.4114990234375,711.743896484375,276.75042724609375,692.0458984375,278.7457580566406,684.2339477539062,313.9821472167969,695.9849853515625,339.5064697265625,731.3372802734375,274.8210144042969,743.0374145507812,308.15362548828125,744.9164428710938,339.424072265625,717.5552978515625,347.23681640625,707.7271118164062,349.16351318359375,707.7070922851562,398.1944580078125,711.5458374023438,447.1866760253906,731.2177124023438,345.2951965332031,737.1006469726562,396.2696533203125,731.267822265625,437.41229248046875,701.8336791992188,243.43072509765625,711.7034912109375,243.3621063232422,696.0601806640625,251.27374267578125,719.4830322265625,245.4360809326172,742.9261474609375,455.05328369140625,745.0322875976562,449.1477966308594,729.2105712890625,443.2395935058594,711.6384887695312,460.8685302734375,701.8587646484375,460.81427001953125,711.681396484375,451.0674743652344,none
4,707.7481689453125,243.42835998535156,713.5936279296875,274.8172912597656,692.025146484375,276.78643798828125,684.3145751953125,315.92724609375,695.9912719726562,345.30517578125,737.1591796875,272.87969970703125,745.0460815429688,306.189453125,744.91357421875,339.4850769042969,717.5224609375,351.1953430175781,705.798095703125,351.2395935058594,709.7413330078125,400.2281188964844,711.6989135742188,451.084716796875,729.393310546875,351.15283203125,731.2632446289062,400.22357177734375,729.35009765625,458.9221496582031,699.9173583984375,241.48545837402344,711.673828125,241.40219116210938,696.0323486328125,245.4664764404297,721.4348754882812,243.41612243652344,725.4110717773438,464.8485412597656,731.2297973632812,464.89288330078125,729.308837890625,462.7983703613281,711.6192626953125,462.9056701660156,701.9116821289062,462.79510498046875,713.656494140625,458.9161682128906,none
5,709.65625,221.8462371826172,711.6294555664062,255.19879150390625,684.2463989257812,255.17164611816406,680.2528076171875,290.42071533203125,695.8974609375,321.7226257324219,731.3058471679688,255.1930694580078,737.1007690429688,290.5216369628906,697.926513671875,304.2037658691406,709.7376098632812,331.57159423828125,695.8823852539062,331.56158447265625,695.8778076171875,388.4119873046875,697.9686279296875,447.15386962890625,725.3716430664062,331.60223388671875,727.2828979492188,392.29693603515625,725.4065551757812,449.1344299316406,701.8630981445312,214.05767822265625,713.5503540039062,214.0277557373047,697.8820190429688,223.80381774902344,725.3189086914062,221.883544921875,713.6951293945312,462.839599609375,727.2324829101562,462.8515319824219,725.373291015625,456.97845458984375,697.9808959960938,460.8341369628906,694.0645141601562,458.9035949707031,703.7909545898438,449.21142578125,none
6,694.0155029296875,194.46896362304688,695.8900146484375,229.70651245117188,666.622802734375,227.76092529296875,662.7017822265625,270.8244323730469,694.043212890625,288.4176940917969,715.6349487304688,231.72085571289062,711.5776977539062,274.7259826660156,670.5475463867188,270.88623046875,686.2261962890625,317.8403015136719,670.5074462890625,315.895751953125,664.5982055664062,370.8339538574219,666.6639404296875,429.455810546875,701.8995971679688,319.74127197265625,709.7255249023438,380.5708923339844,711.62548828125,433.4337158203125,686.2202758789062,190.54400634765625,697.943603515625,190.52349853515625,682.182373046875,194.5354461669922,711.5743408203125,196.35031127929688,699.910888671875,447.25543212890625,711.7022705078125,447.2554016113281,711.6598510742188,439.3538513183594,660.72900390625,445.15032958984375,651.0237426757812,441.26153564453125,674.4458618164062,431.468505859375,none
7,650.9432373046875,188.58897399902344,652.970458984375,225.6829833984375,631.3137817382812,225.75807189941406,631.2626953125,262.993408203125,670.54248046875,268.8893127441406,680.4119262695312,223.86456298828125,674.4310913085938,263.0220947265625,635.249755859375,261.04412841796875,658.7869262695312,319.739013671875,641.1139526367188,319.74212646484375,637.2071533203125,384.5140686035156,637.2406616210938,447.10467529296875,676.4217529296875,317.9091796875,682.2469482421875,382.5455627441406,695.9002075195312,443.242919921875,648.8837280273438,182.6769561767578,658.7552490234375,180.81224060058594,639.1859130859375,192.50071716308594,666.663818359375,190.4985809326172,682.3636474609375,456.93511962890625,695.8935546875,455.00299072265625,696.0481567382812,447.1048889160156,633.2672729492188,460.91241455078125,623.537841796875,458.9151611328125,645.0336303710938,449.20855712890625,none
8,617.705322265625,196.34011840820312,621.5901489257812,231.72506713867188,592.1954956054688,239.4969482421875,601.8564453125,276.80255126953125,647.0031127929688,274.78265380859375,651.0059814453125,227.8543701171875,651.0350341796875,274.8410949707031,613.6663818359375,274.8826599121094,635.26806640625,333.5372619628906,617.652099609375,335.4947204589844,619.5457763671875,406.01544189453125,619.6748046875,464.8617248535156,652.908935546875,329.6324157714844,666.5668334960938,398.28912353515625,680.2340087890625,460.9256591796875,613.6650390625,194.33778381347656,621.5906372070312,190.55364990234375,603.9037475585938,196.52976989746094,633.3680419921875,194.52207946777344,682.2546997070312,478.5172424316406,692.082763671875,476.5009765625,678.3074340820312,464.7996520996094,617.6832275390625,482.4219055175781,607.8248901367188,478.59075927734375,625.4985961914062,472.6581726074219,none
9,617.6199340820312,227.8063201904297,623.4697875976562,265.0232849121094,590.27294921875,272.7476806640625,601.8995361328125,319.78985595703125,648.9425659179688,317.8625183105469,652.9349975585938,259.218505859375,668.5441284179688,306.0315246582031,625.493896484375,292.4637451171875,635.2822875976562,368.8791809082031,617.5940551757812,370.8231506347656,617.71728515625,447.25604248046875,619.61376953125,513.8019409179688,654.8463745117188,368.791259765625,664.6965942382812,445.29071044921875,668.6461791992188,521.612060546875,607.854248046875,225.79348754882812,619.6715087890625,223.8201141357422,602.0330200195312,229.72543334960938,633.33251953125,225.85653686523438,678.3158569335938,539.23046875,684.2136840820312,537.2271728515625,666.6046752929688,525.58740234375,617.6736450195312,529.433349609375,605.9308471679688,525.6024780273438,623.5474243164062,521.6527709960938,none
10,633.3872680664062,227.8108673095703,646.9845581054688,257.2278747558594,611.7340087890625,259.0587158203125,605.8359985351562,308.07061767578125,654.871826171875,319.8036804199219,678.3405151367188,257.2095642089844,680.239501953125,302.1243591308594,649.0555419921875,259.1115417480469,641.156494140625,370.80487060546875,619.6096801757812,370.7771301269531,615.6463012695312,451.12188720703125,611.746337890625,517.7412719726562,664.593017578125,372.755859375,664.7289428710938,456.98199462890625,666.5165405273438,527.5584106445312,629.3851928710938,225.6972198486328,639.210205078125,223.82171630859375,619.6480102539062,225.79327392578125,654.8749389648438,225.71786499023438,670.546142578125,551.0216064453125,682.2113647460938,545.114501953125,662.6484375,539.1637573242188,607.87744140625,539.213623046875,601.8465576171875,535.3305053710938,615.6829833984375,523.5782470703125,none
11,570.593994140625,176.8318328857422,576.501708984375,206.18850708007812,539.2659301757812,198.40121459960938,537.2364501953125,259.0658874511719,590.2334594726562,272.8099060058594,617.56005859375,210.1767578125,617.5887451171875,261.0254211425781,586.1962280273438,212.0399932861328,570.64794921875,329.6609802246094,545.1719970703125,327.6607666015625,545.183349609375,415.8184509277344,541.2968139648438,498.1273193359375,592.2002563476562,331.61480712890625,598.0318603515625,415.7847900390625,599.9427490234375,494.27099609375,566.6976928710938,165.13717651367188,578.44384765625,167.1020050048828,556.85986328125,163.15805053710938,592.195556640625,168.97315979003906,605.928466796875,517.6930541992188,617.6515502929688,509.9693603515625,588.2948608398438,505.97418212890625,541.2783813476562,521.6119384765625,529.47607421875,517.6831665039062,547.1110229492188,507.9001159667969,none
12,474.54779052734375,131.8368682861328,476.649658203125,167.0164337158203,435.4546813964844,168.99476623535156,443.2615966796875,229.79660034179688,503.993408203125,237.58258056640625,515.7228393554688,165.13575744628906,523.59033203125,217.98831176757812,492.14862060546875,170.92738342285156,484.4045104980469,300.2548522949219,460.9017333984375,302.1866760253906,462.921142578125,400.2078552246094,474.53424072265625,490.2923583984375,509.8201904296875,300.2193603515625,511.81524658203125,398.152099609375,515.7651977539062,476.6414489746094,462.8444519042969,123.90362548828125,478.6079406738281,121.97637939453125,451.08612060546875,127.85877990722656,494.20465087890625,125.89883422851562,525.52099609375,494.3033752441406,537.3143310546875,492.26007080078125,509.8798828125,486.33721923828125,480.4558410644531,509.9208679199219,466.7565612792969,509.9228515625,476.518310546875,494.28912353515625,none
13,433.4291687011719,116.15008544921875,433.5204772949219,153.35641479492188,398.1125183105469,163.1746826171875,407.9697265625,229.7588348388672,478.5211486816406,227.80221557617188,476.5471496582031,147.44268798828125,496.1429748535156,208.1841583251953,458.8686828613281,159.2122802734375,462.8958740234375,296.29901123046875,439.32867431640625,302.173095703125,445.1934509277344,408.0000915527344,453.06805419921875,496.1712646484375,492.1712341308594,290.4892883300781,509.9273986816406,398.21484375,507.8072509765625,476.6047058105469,425.598876953125,106.30611419677734,443.2843322753906,104.36418151855469,407.9883728027344,110.23786926269531,453.0806579589844,102.4600601196289,511.8260192871094,505.9256896972656,523.628173828125,498.0946350097656,496.122802734375,482.4551696777344,462.8307800292969,523.4841918945312,447.2398681640625,521.634521484375,458.87371826171875,505.9632263183594,none
14,427.549560546875,98.46725463867188,431.4508056640625,137.6764373779297,382.5564880371094,149.31263732910156,382.5196533203125,221.90023803710938,431.51776123046875,188.58522033691406,478.4980163574219,131.76751708984375,511.8179016113281,196.4544677734375,494.2059020996094,180.83314514160156,462.84210205078125,288.4443054199219,431.5982666015625,290.4471740722656,435.4491882324219,402.0872802734375,447.1637268066406,503.96044921875,492.3044128417969,284.56036376953125,509.9508972167969,396.2455139160156,527.5042114257812,494.2853088378906,413.831787109375,86.70685577392578,431.6007080078125,84.69099426269531,398.1532897949219,88.6614761352539,447.2062683105469,82.73040771484375,539.2133178710938,525.6116333007812,552.9092407226562,523.53466796875,523.6466674804688,507.8700866699219,455.02191162109375,525.515380859375,439.3454895019531,525.4910888671875,449.16802978515625,509.8462219238281,none
15,462.9554748535156,96.4449234008789,476.60443115234375,141.56137084960938,427.55035400390625,145.43763732910156,409.9192810058594,212.11123657226562,451.120361328125,147.5163116455078,527.4732666015625,137.61199951171875,554.9813842773438,210.1034698486328,529.4443969726562,264.9782409667969,492.287109375,310.0296325683594,460.9034729003906,311.9870300292969,458.9107360839844,427.5887756347656,460.9649658203125,523.65185546875,525.4600830078125,308.0920104980469,539.1529541015625,427.5963134765625,541.280029296875,525.5711059570312,453.024658203125,84.77021026611328,476.50299072265625,82.80769348144531,439.3339538574219,86.73143005371094,492.26202392578125,82.76102447509766,553.000732421875,558.832275390625,564.7582397460938,554.8985595703125,539.1968383789062,537.2526245117188,464.8362121582031,554.8966064453125,451.0697937011719,552.9368896484375,462.86895751953125,527.5578002929688,none
16,586.186279296875,106.25804138183594,596.0934448242188,151.3980712890625,541.2625732421875,149.428466796875,525.6407470703125,216.0205841064453,570.625732421875,157.24566650390625,649.0390625,157.2145538330078,664.5409545898438,237.5047607421875,639.1969604492188,308.092041015625,590.2040405273438,317.838623046875,558.8212280273438,317.8308410644531,554.8959350585938,439.34124755859375,549.0211181640625,547.0990600585938,621.509765625,317.8728332519531,629.3742065429688,441.2976989746094,633.2636108398438,549.0303955078125,572.5823974609375,98.37866973876953,594.082763671875,96.51490783691406,558.8631591796875,100.39846801757812,617.6171264648438,98.44332885742188,635.2846069335938,584.3372192382812,650.9321899414062,576.4611206054688,625.4346313476562,556.8790283203125,552.9243774414062,572.5511474609375,537.2562255859375,570.6273193359375,552.94921875,556.826416015625,none
17,664.7109985351562,147.34930419921875,682.2171020507812,192.44981384277344,631.3297119140625,180.75341796875,599.9739990234375,253.23358154296875,646.9652099609375,196.3483428955078,735.2041015625,200.30538940429688,742.8903198242188,286.5044250488281,698.0157470703125,357.0372009277344,650.8876953125,362.927734375,617.681396484375,355.12310791015625,602.0176391601562,484.3729248046875,600.0018920898438,592.1670532226562,682.2867431640625,366.87066650390625,682.289794921875,492.2452392578125,680.2446899414062,603.9916381835938,654.84765625,131.84039306640625,680.21875,133.66357421875,646.9749755859375,131.76951599121094,705.7808227539062,133.6670684814453,684.238525390625,643.0631713867188,697.9473876953125,635.2789916992188,668.5673828125,615.6729125976562,586.2274780273438,631.2802124023438,572.5819702148438,619.6754150390625,603.9213256835938,600.0178833007812,none
18,674.416015625,147.48207092285156,684.28857421875,194.44766235351562,633.2993774414062,180.7406005859375,600.0157470703125,257.06787109375,650.9266967773438,196.4658660888672,742.9556274414062,208.10939025878906,742.9674682617188,290.50311279296875,697.9552001953125,364.8935546875,649.0526733398438,366.85430908203125,617.6351928710938,360.9569396972656,603.8890380859375,496.1747741699219,598.065673828125,621.5582275390625,682.2407836914062,370.7892150878906,682.2217407226562,500.07183837890625,676.4111328125,611.7366333007812,664.6029663085938,133.67938232421875,684.2864990234375,133.6653289794922,650.90869140625,131.8001251220703,713.6248168945312,131.83224487304688,680.326904296875,648.9063110351562,695.93896484375,641.143798828125,666.5999145507812,619.5795288085938,584.3525390625,656.8280639648438,572.5634765625,650.8568725585938,603.8563232421875,633.2391967773438,none
19,711.6603393554688,106.30504608154297,713.6987915039062,151.40191650390625,660.7278442382812,149.3612060546875,643.055908203125,225.74453735351562,695.9210205078125,163.02163696289062,774.3609619140625,159.17254638671875,784.17626953125,241.55946350097656,758.6248168945312,315.94146728515625,703.8472900390625,333.4942321777344,668.5984497070312,329.6372375488281,666.64208984375,462.9269104003906,666.61474609375,586.2779541015625,740.9957885742188,335.4460144042969,741.0863037109375,455.01849365234375,742.9247436523438,562.7871704101562,697.9354248046875,96.45701599121094,723.4282836914062,92.6141128540039,682.2982788085938,92.61825561523438,743.0945434570312,86.7382583618164,744.9719848632812,598.0126953125,760.6203002929688,588.3229370117188,731.3109741210938,572.5774536132812,674.4502563476562,619.6456909179688,656.7791748046875,617.6961669921875,668.584716796875,592.1915893554688,none
20,744.914794921875,55.3162841796875,758.633544921875,110.22702026367188,697.9741821289062,112.18721771240234,694.0364990234375,194.4339599609375,735.2137451171875,127.85274505615234,815.5297241210938,104.38807678222656,837.036865234375,192.41363525390625,811.6018676757812,268.8470764160156,760.5993041992188,288.4790954589844,727.3270874023438,288.5272216796875,727.3466186523438,419.7939453125,731.2373046875,533.357177734375,792.08447265625,288.4844055175781,801.8112182617188,413.9012145996094,805.676513671875,515.7685546875,729.4097900390625,43.564632415771484,756.6671752929688,39.68324661254883,715.6126098632812,51.427181243896484,776.2345581054688,37.79725646972656,807.6530151367188,545.1442260742188,821.4297485351562,541.162353515625,797.8975830078125,525.5076904296875,740.9925537109375,568.5795288085938,725.3408813476562,562.7937622070312,733.2332153320312,541.1578979492188,none
21,727.318359375,55.38351821899414,743.0798950195312,102.39842224121094,684.29736328125,112.12896728515625,674.4681396484375,198.38621520996094,727.315185546875,178.82421875,799.8077392578125,98.43818664550781,823.4476318359375,188.5415802001953,803.666015625,272.80755615234375,758.67041015625,274.7452697753906,725.4009399414062,276.72039794921875,727.281005859375,415.90789794921875,735.1458129882812,529.5001831054688,790.1023559570312,272.80438232421875,805.6245727539062,402.1210632324219,809.6173095703125,509.81494140625,713.7039794921875,45.555877685546875,735.1874389648438,39.7815055847168,699.9853515625,51.4749641418457,758.7178344726562,39.71714401245117,807.6597290039062,549.03271484375,823.3884887695312,543.15478515625,807.6034545898438,517.690185546875,737.165771484375,570.6741333007812,725.3280029296875,568.6321411132812,742.9949340820312,537.3115844726562,none
22,709.666015625,221.837890625,715.6107177734375,274.72845458984375,664.5765991210938,282.60528564453125,649.0538330078125,355.1294860839844,697.9222412109375,400.0772399902344,774.2802124023438,265.0205078125,797.8700561523438,343.3808288574219,778.2538452148438,419.7510070800781,742.9798583984375,441.28076171875,711.55908203125,445.2220153808594,713.5342407226562,572.6587524414062,725.4074096679688,695.91748046875,774.3919677734375,433.456787109375,789.9595947265625,564.7520141601562,792.051513671875,682.219970703125,696.0447998046875,210.13888549804688,715.5511474609375,208.18251037597656,680.3854370117188,214.0591583251953,731.3137817382812,210.07130432128906,797.8557739257812,698.0905151367188,813.5118408203125,697.9271240234375,789.9662475585938,690.14404296875,719.4847412109375,715.6087036132812,709.6664428710938,715.5899047851562,729.2565307617188,699.9630126953125,none
23,739.0919189453125,264.96392822265625,744.9182739257812,321.864013671875,692.023681640625,325.7628173828125,680.2093505859375,402.14703369140625,711.6559448242188,462.8811950683594,797.8589477539062,319.8715515136719,819.4456787109375,398.14312744140625,799.8136596679688,464.870361328125,756.7265014648438,486.3719177246094,725.3296508789062,490.222900390625,727.3836669921875,605.9227294921875,739.0733032226562,715.6112670898438,789.95458984375,484.376953125,795.9209594726562,601.9282836914062,801.7374877929688,715.6089477539062,727.283935546875,257.0882873535156,746.9058227539062,255.1205596923828,711.652587890625,261.1142883300781,762.64013671875,257.1526184082031,790.0513916015625,715.6089477539062,805.6669311523438,715.6351928710938,799.8226318359375,715.6326904296875,741.030029296875,715.6322631835938,731.24365234375,715.63720703125,741.0350952148438,715.6314697265625,none
24,744.9046630859375,196.47064208984375,744.9070434570312,257.1636962890625,693.9812622070312,255.16383361816406,674.4373168945312,325.759033203125,692.0818481445312,394.235595703125,797.8600463867188,259.14703369140625,809.6085205078125,335.5794982910156,776.4282836914062,411.8718566894531,737.1302490234375,419.7319641113281,707.7616577148438,415.90655517578125,709.6887817382812,537.2320556640625,709.6826782226562,631.3269653320312,766.4961547851562,419.771728515625,772.3515625,539.212158203125,770.4551391601562,639.2182006835938,733.1923217773438,188.55776977539062,756.7168579101562,186.61895751953125,719.5074462890625,194.43482971191406,774.3078002929688,194.36997985839844,803.7313842773438,676.36962890625,805.76318359375,666.5929565429688,758.72607421875,651.0103759765625,713.698486328125,664.5579833984375,698.037841796875,658.7904052734375,711.5736083984375,635.3410034179688,none
25,729.3826293945312,165.06072998046875,727.27880859375,227.7270965576172,672.5050048828125,225.7555389404297,652.9620361328125,300.2244567871094,682.2317504882812,362.94561767578125,778.2512817382812,229.7003173828125,790.0269165039062,306.10198974609375,770.4478759765625,374.7193298339844,715.6465454101562,386.4945068359375,686.2194213867188,384.5405578613281,696.0034790039062,507.9374694824219,701.9139404296875,615.63818359375,746.9092407226562,388.4366149902344,745.0103149414062,503.98455810546875,743.0819702148438,598.0181884765625,719.5386962890625,153.29615783691406,743.0241088867188,153.2919464111328,703.85107421875,163.06744384765625,758.6472778320312,163.02366638183594,776.299072265625,631.2626342773438,778.2996215820312,619.5949096679688,733.1817626953125,603.9925537109375,713.6412963867188,650.93017578125,697.9928588867188,648.986083984375,705.7577514648438,619.6473388671875,none
26,684.203369140625,157.25074768066406,682.219970703125,223.8531036376953,631.3709716796875,227.8063507080078,619.62939453125,308.1111145019531,662.6986694335938,368.7482604980469,729.368896484375,214.04640197753906,746.9876098632812,290.4411926269531,746.9619140625,364.9066467285156,698.00634765625,384.4403991699219,668.5372924804688,384.5350036621094,680.2443237304688,505.8930358886719,688.1310424804688,603.9677124023438,729.2858276367188,382.4653625488281,742.9385986328125,492.3188781738281,727.42724609375,582.337646484375,668.628173828125,147.50196838378906,695.8861083984375,147.34796142578125,650.8496704101562,163.02847290039062,703.8258056640625,151.33482360839844,758.754150390625,615.6450805664062,760.7183837890625,603.9862060546875,715.5863037109375,588.2340087890625,697.9918823242188,635.3445434570312,682.3406982421875,635.251220703125,690.11181640625,611.7626953125,none
27,648.98486328125,143.51736450195312,648.9173583984375,206.16409301757812,598.0640869140625,212.1882781982422,590.176513671875,292.42584228515625,635.2968139648438,351.2143859863281,696.0010375976562,194.47750854492188,713.69482421875,266.9024353027344,719.5098876953125,339.4134216308594,668.6336059570312,362.95550537109375,641.1488647460938,366.8512268066406,649.0097045898438,478.5769348144531,660.6926879882812,574.4994506835938,698.0309448242188,357.0555114746094,715.5774536132812,472.612060546875,697.8924560546875,566.7177734375,635.2183837890625,133.6997528076172,652.9629516601562,131.73861694335938,615.67333984375,147.42764282226562,666.5590209960938,133.8151397705078,737.1458129882812,601.932373046875,739.0980224609375,592.1556396484375,686.1715698242188,574.5084838867188,670.5039672851562,601.9735717773438,654.8866577148438,601.9632568359375,662.637939453125,584.28759765625,none
28,664.69873046875,100.41240692138672,652.8914794921875,165.05419921875,603.883544921875,168.9962158203125,596.0404663085938,249.32379150390625,635.2583618164062,315.87371826171875,705.748046875,163.0430145263672,715.6016845703125,237.52427673339844,715.664794921875,310.04071044921875,664.6860961914062,319.8201599121094,635.2434692382812,321.77093505859375,641.1399536132812,443.2209777832031,641.1510620117188,527.4828491210938,695.9154052734375,317.82720947265625,694.062255859375,443.2503662109375,682.3721313476562,541.2875366210938,650.9635620117188,86.8111572265625,672.4791259765625,86.7681655883789,631.3155517578125,100.50289916992188,682.2994995117188,98.42713165283203,727.2806396484375,572.49462890625,725.3861083984375,566.6417846679688,676.3931274414062,554.9308471679688,654.8472900390625,554.8963012695312,641.1361083984375,554.85693359375,639.207763671875,537.2636108398438,none
29,699.9735717773438,100.317138671875,668.616943359375,163.148193359375,631.3709716796875,165.10446166992188,617.6406860351562,243.5262451171875,666.5236206054688,308.10400390625,711.6631469726562,163.02320861816406,717.5490112304688,231.7158966064453,723.408447265625,306.1402587890625,680.2958374023438,321.7464904785156,654.822021484375,321.8803405761719,692.0493774414062,427.6118469238281,645.0072631835938,521.5535278320312,699.9444580078125,319.757080078125,703.7953491210938,429.5704345703125,684.3153686523438,525.5045166015625,690.1328125,86.68844604492188,709.6270141601562,86.66287231445312,658.794921875,100.33712768554688,0.0,0.0,729.2587280273438,554.9534301757812,727.3460083007812,547.1322631835938,680.37255859375,535.373779296875,678.2954711914062,556.9681396484375,662.6290893554688,556.8997192382812,631.332763671875,523.603271484375,none
30,727.4049682617188,108.23255920410156,682.2615966796875,174.8757781982422,666.5423583984375,180.72979736328125,666.56640625,261.0642395019531,723.4183959960938,317.8546447753906,697.9866333007812,165.10235595703125,0.0,0.0,0.0,0.0,690.0794067382812,323.7724609375,680.261474609375,325.739013671875,697.9430541992188,443.2677307128906,693.9532470703125,556.9189453125,699.8963623046875,321.85589599609375,709.7136840820312,435.4410705566406,698.0182495117188,529.4981689453125,713.7423095703125,100.4306411743164,725.4058227539062,100.29793548583984,684.1972045898438,114.10417938232422,0.0,0.0,741.0244750976562,541.2684936523438,735.1770629882812,537.2761840820312,688.1506958007812,541.23974609375,742.9652099609375,564.7359008789062,729.32568359375,572.5744018554688,680.3380737304688,570.5855102539062,none
31,727.2434692382812,118.08412170410156,674.4277954101562,182.7381591796875,682.2586059570312,192.53009033203125,694.0125122070312,276.72412109375,740.976806640625,321.8323669433594,664.6602783203125,178.78729248046875,0.0,0.0,0.0,0.0,682.3486328125,333.5733642578125,686.1759033203125,335.4891052246094,707.7619018554688,447.25677490234375,697.894775390625,558.819580078125,680.2969970703125,333.5451965332031,694.0703735351562,443.2508239746094,668.6221923828125,525.57373046875,715.55126953125,112.14852905273438,0.0,0.0,690.1176147460938,122.00048828125,0.0,0.0,713.61572265625,527.5361938476562,711.6286010742188,525.5228881835938,662.6185913085938,537.2609252929688,746.975341796875,564.7302856445312,737.1585083007812,570.6553955078125,684.2637329101562,570.6078491210938,none
32,707.7314453125,133.8078155517578,660.7342529296875,208.13536071777344,682.2213134765625,210.19644165039062,693.9978637695312,292.4176940917969,729.3477172851562,337.5225524902344,635.2945556640625,198.44717407226562,639.1618041992188,274.77142333984375,0.0,0.0,666.5867919921875,353.1073303222656,684.1986083984375,353.14385986328125,698.0485229492188,470.6926574707031,696.0225219726562,572.5501708984375,648.9578247070312,351.17706298828125,666.546875,460.967041015625,648.8743286132812,562.803955078125,697.8998413085938,129.79754638671875,0.0,0.0,676.4306030273438,145.47732543945312,0.0,0.0,670.5110473632812,564.7499389648438,668.562255859375,558.8212890625,637.2245483398438,574.5514526367188,744.9471435546875,574.5632934570312,733.2508544921875,584.2806396484375,684.2892456054688,584.3458862304688,none
33,680.2469482421875,161.09385681152344,637.2800903320312,215.973388671875,676.393798828125,215.9989776611328,686.1699829101562,292.4828796386719,711.725830078125,339.4526062011719,603.9856567382812,216.04534912109375,605.916259765625,290.5175476074219,627.4269409179688,335.52685546875,645.0842895507812,368.8095397949219,666.6897583007812,368.78125,696.0621337890625,476.6098937988281,684.2116088867188,580.3799438476562,619.6051025390625,368.84320068359375,648.8892211914062,474.55596923828125,635.1824951171875,572.6241455078125,674.4514770507812,149.39306640625,0.0,0.0,662.6321411132812,157.2464141845703,633.1968994140625,165.07542419433594,662.6481323242188,574.5372924804688,658.7410278320312,570.6685180664062,629.34912109375,586.3079223632812,729.2855224609375,576.4776000976562,723.448974609375,586.18603515625,678.3135375976562,588.341552734375,none
34,0.0,0.0,656.785400390625,210.09732055664062,699.9341430664062,210.10232543945312,717.5352783203125,290.4913635253906,725.3599853515625,339.43975830078125,615.6024169921875,210.1286163330078,609.7962646484375,288.4581604003906,625.4378051757812,335.43194580078125,666.524658203125,360.9903564453125,695.912841796875,359.004150390625,711.7393188476562,464.8598937988281,725.3312377929688,570.5499877929688,637.2050170898438,360.99163818359375,648.98193359375,460.9227294921875,646.98291015625,556.8548583984375,0.0,0.0,0.0,0.0,682.236572265625,149.3169708251953,635.2225952148438,149.45594787597656,680.3195190429688,553.011962890625,674.4031982421875,551.0081787109375,637.1871948242188,570.5469970703125,731.2860717773438,560.8212280273438,741.0044555664062,566.6895751953125,723.3909912109375,584.2752685546875,none
35,0.0,0.0,723.375732421875,188.558837890625,774.3375244140625,190.53610229492188,789.9522094726562,274.74700927734375,768.4496459960938,313.9472961425781,668.561279296875,186.59674072265625,662.62109375,272.8212585449219,676.3834838867188,323.8020935058594,723.4349975585938,345.3084411621094,752.8076171875,341.4114074707031,758.7634887695312,447.266357421875,762.6387939453125,541.1699829101562,694.03955078125,347.23260498046875,693.9464111328125,443.28704833984375,682.3848876953125,525.5122680664062,0.0,0.0,0.0,0.0,746.9866943359375,127.85413360595703,697.9713134765625,129.75271606445312,707.7659301757812,513.7701416015625,701.8372192382812,511.8697814941406,680.37158203125,539.2548828125,772.4222412109375,533.3766479492188,778.2489013671875,539.203125,760.7081298828125,554.93896484375,none
36,0.0,0.0,768.4507446289062,208.08938598632812,821.3887329101562,202.25848388671875,837.0171508789062,288.4654235839844,805.6905517578125,310.02178955078125,713.6740112304688,210.0251007080078,707.7169799804688,292.4427795410156,711.6852416992188,347.2964172363281,772.4029541015625,355.11712646484375,803.7490234375,353.15142822265625,803.7115478515625,462.8192138671875,805.7344360351562,554.888916015625,741.077392578125,357.06610107421875,741.0599365234375,460.9102783203125,756.7620849609375,570.5928344726562,0.0,0.0,0.0,0.0,791.941650390625,145.47872924804688,741.0479736328125,147.34432983398438,727.3517456054688,562.7652587890625,727.277587890625,570.5996704101562,762.5855712890625,586.2864990234375,805.7442016601562,549.0665283203125,819.3775634765625,551.0105590820312,807.5900268554688,568.6566772460938,none
37,0.0,0.0,758.7648315429688,243.49493408203125,805.7778930664062,241.43759155273438,819.41259765625,319.7872619628906,788.0810546875,349.16632080078125,711.6878662109375,251.26910400390625,699.9392700195312,337.4498596191406,707.7320556640625,392.31121826171875,772.347900390625,398.1507568359375,795.9319458007812,392.3255615234375,791.9042358398438,494.2450256347656,797.866455078125,586.2951049804688,742.9916381835938,400.1891174316406,744.9743041992188,511.8323059082031,760.60546875,615.6143798828125,0.0,0.0,0.0,0.0,774.3981323242188,182.72439575195312,727.24609375,180.81259155273438,721.4609375,603.9677124023438,725.3701171875,615.5938110351562,772.3386840820312,627.40087890625,789.9357299804688,588.1883544921875,803.6751098632812,588.2076416015625,803.7113037109375,599.9633178710938,none
38,676.3773803710938,200.34095764160156,727.4253540039062,270.801513671875,760.7252197265625,259.12774658203125,772.3140258789062,335.5014953613281,744.9849853515625,368.84381103515625,693.9999389648438,276.7597351074219,692.0349731445312,366.79705810546875,678.39013671875,421.6941223144531,735.1957397460938,421.71539306640625,758.7173461914062,415.8388977050781,715.6380615234375,517.71875,719.5092163085938,597.9822998046875,713.6994018554688,427.6197509765625,717.5192260742188,539.2349243164062,741.0239868164062,639.2041625976562,0.0,0.0,680.3679809570312,196.3479766845703,0.0,0.0,697.885009765625,210.14712524414062,699.9564819335938,633.294677734375,707.6992797851562,643.0706787109375,745.0402221679688,651.0126953125,682.2215576171875,601.9105224609375,684.2769165039062,598.0125732421875,727.2684936523438,602.0474243164062,none
39,641.120361328125,212.16217041015625,694.029541015625,282.6458740234375,699.960205078125,272.765380859375,0.0,0.0,0.0,0.0,682.2830810546875,294.3526611328125,680.3414916992188,370.8178405761719,650.9251098632812,431.56280517578125,680.2786254882812,435.42822265625,668.6036376953125,435.4312438964844,662.6437377929688,531.4562377929688,666.623046875,617.6920776367188,682.3409423828125,437.4009704589844,682.3851318359375,543.2012939453125,715.6531372070312,648.9668579101562,0.0,0.0,649.052734375,208.16786193847656,0.0,0.0,672.4945068359375,221.8837432861328,680.32177734375,647.0208129882812,686.2260131835938,652.8679809570312,727.3637084960938,662.683349609375,619.6234130859375,635.247314453125,621.5678100585938,633.2119140625,678.3226318359375,631.2836303710938,none
40,611.7717895507812,196.44422912597656,650.9171142578125,259.09722900390625,631.3438110351562,255.12060546875,633.280029296875,329.6072082519531,609.8211669921875,382.4376525878906,674.4168090820312,270.8055419921875,680.3689575195312,347.2739562988281,648.8712158203125,413.8670654296875,654.8351440429688,406.02130126953125,635.3446044921875,400.23602294921875,635.2855834960938,509.9490966796875,649.05615234375,598.02587890625,672.4507446289062,409.9704895019531,643.0687866210938,513.7860107421875,686.201416015625,601.8740234375,613.717041015625,190.53468322753906,619.6019897460938,192.42994689941406,0.0,0.0,649.0491943359375,196.50863647460938,645.0379028320312,621.60986328125,654.8517456054688,629.3255004882812,699.9307861328125,607.8068237304688,605.879638671875,613.7255859375,611.71630859375,605.9005126953125,652.972900390625,603.986328125,none
41,601.99658203125,153.3197784423828,641.1702880859375,219.92782592773438,607.8126831054688,210.19894409179688,607.85546875,278.7231750488281,588.308349609375,337.55841064453125,676.4012451171875,227.76585388183594,682.2693481445312,306.09088134765625,650.9681396484375,374.70648193359375,639.2044067382812,366.89044189453125,619.6492919921875,364.91839599609375,631.2675170898438,464.80224609375,637.236328125,551.0196533203125,660.74267578125,368.827392578125,650.8584594726562,474.5928649902344,658.7417602539062,574.5245971679688,601.998779296875,147.42910766601562,613.7003173828125,147.36318969726562,0.0,0.0,645.060791015625,155.23388671875,629.4053955078125,601.93896484375,643.113037109375,603.8964233398438,666.554443359375,586.26220703125,601.9026489257812,556.9547119140625,603.915771484375,554.9025268554688,645.041259765625,556.8958129882812,none
42,605.9542846679688,147.46051025390625,637.2590942382812,210.1279754638672,602.0061645507812,196.36831665039062,596.08447265625,259.1520080566406,572.6468505859375,321.8890380859375,678.3406982421875,223.8257293701172,680.41259765625,300.22723388671875,648.9336547851562,364.8293151855469,619.6343994140625,357.0343322753906,599.9209594726562,351.2070617675781,588.1551513671875,445.20233154296875,621.543701171875,511.86236572265625,646.9727783203125,362.9587097167969,637.2916259765625,462.87518310546875,648.9450073242188,549.0609741210938,605.8483276367188,135.6919708251953,619.6092529296875,139.6133270263672,0.0,0.0,650.9319458007812,149.44711303710938,619.5375366210938,574.4879760742188,633.3695068359375,576.4677734375,654.8362426757812,554.994873046875,588.175537109375,539.28857421875,588.2432861328125,533.3983154296875,633.268798828125,521.5488891601562,none
43,580.3780517578125,174.81399536132812,603.8935546875,229.7831573486328,558.835693359375,223.78579711914062,552.931884765625,286.5090637207031,539.2362670898438,353.1209411621094,648.9865112304688,243.38072204589844,662.62939453125,319.7881164550781,619.5484619140625,380.5762023925781,590.220458984375,380.54913330078125,564.7614135742188,378.5724792480469,558.8934326171875,486.36444091796875,570.5241088867188,584.3397827148438,619.5654296875,382.5345153808594,621.5362548828125,482.4222717285156,631.3329467773438,560.8202514648438,576.537353515625,163.0854034423828,590.2579956054688,165.0589141845703,0.0,0.0,621.545654296875,178.69793701171875,600.003662109375,588.2654418945312,615.6039428710938,588.269775390625,637.1943359375,570.5714721679688,547.1185302734375,611.7708129882812,541.2196655273438,603.9361572265625,574.5994262695312,590.2213134765625,none
44,521.5675659179688,180.75685119628906,554.9545288085938,239.5228729248047,507.86407470703125,241.4448699951172,507.84844970703125,306.0449523925781,509.84954833984375,370.8444519042969,601.9942626953125,235.62570190429688,631.3316650390625,304.23907470703125,586.240478515625,366.8243713378906,570.4968872070312,394.27825927734375,539.3515625,394.2969055175781,545.140380859375,500.08941650390625,556.9681396484375,586.2978515625,597.9898681640625,394.25689697265625,599.9249877929688,494.2491455078125,615.6569213867188,541.2826538085938,513.7806396484375,170.96868896484375,529.4503173828125,172.8730010986328,0.0,0.0,560.8179321289062,178.71832275390625,588.2528076171875,586.308837890625,603.8421630859375,584.3419189453125,619.5064086914062,541.290771484375,541.2135620117188,617.5729370117188,537.2317504882812,607.814208984375,568.6742553710938,590.18212890625,none
45,617.5128784179688,20.02560806274414,651.0443115234375,78.83036041259766,603.862548828125,86.72502899169922,603.8594360351562,161.10098266601562,619.5828247070312,225.7909698486328,701.8566284179688,69.00415802001953,743.0498046875,133.68919372558594,729.3178100585938,210.19522094726562,676.4088134765625,225.844482421875,648.9846801757812,229.70242309570312,664.5590209960938,337.447021484375,672.517822265625,413.9548645019531,699.950927734375,225.74520874023438,696.0424194335938,337.4549865722656,697.8912353515625,431.5622863769531,615.669677734375,5.3374342918396,625.4805297851562,4.393631458282471,0.0,0.0,660.6924438476562,20.12275505065918,697.9362182617188,470.70849609375,711.7024536132812,462.94830322265625,695.9830322265625,437.39654541015625,650.9608764648438,447.1127014160156,646.9655151367188,439.31365966796875,680.3513793945312,419.7736511230469,none
46,0.0,0.0,727.3961791992188,26.003786087036133,678.3159790039062,29.921443939208984,666.6801147460938,106.27754974365234,666.5177001953125,178.8436737060547,776.4205932617188,24.13179588317871,817.4066162109375,86.71051788330078,805.6959228515625,163.15341186523438,729.2289428710938,182.68106079101562,697.9954833984375,182.75437927246094,717.5286254882812,290.51824951171875,731.2798461914062,349.2381896972656,758.6749877929688,180.75975036621094,744.8909912109375,300.264404296875,742.9273681640625,400.1379699707031,0.0,0.0,0.0,0.0,0.0,0.0,0.0,0.0,727.2911376953125,433.4518127441406,741.082763671875,431.5987854003906,742.99951171875,406.01605224609375,711.6338500976562,372.7764892578125,709.7173461914062,366.9381408691406,742.9890747070312,351.14434814453125,none
47,715.5463256835938,41.62461471557617,737.1478881835938,98.41827392578125,682.3141479492188,86.75310516357422,666.626220703125,149.3363800048828,662.7083740234375,217.97442626953125,789.994140625,102.38890075683594,811.6177368164062,168.95729064941406,791.9948120117188,243.39976501464844,725.343994140625,243.4954071044922,694.0576171875,241.5226593017578,682.311279296875,351.1931457519531,717.5592041015625,382.4937438964844,756.6456909179688,247.3334197998047,745.03369140625,360.9935302734375,743.0847778320312,447.2227478027344,713.5519409179688,29.8836612701416,729.2838745117188,35.78131866455078,0.0,0.0,760.7049560546875,39.674171447753906,729.3544311523438,480.5003967285156,744.9747924804688,478.6263427734375,742.9935302734375,456.947509765625,711.6884155273438,425.64642333984375,701.892333984375,415.8968200683594,727.3368530273438,378.552978515625,none
48,717.5494384765625,53.46009826660156,741.0189819335938,110.19055938720703,682.2989501953125,104.38652038574219,672.4949951171875,178.8508758544922,672.4550170898438,257.0608215332031,792.0269165039062,112.16956329345703,807.7566528320312,178.7950897216797,792.0407104492188,253.2427978515625,729.3516845703125,261.1015930175781,698.0399780273438,261.0604248046875,709.6336059570312,368.86962890625,713.6766967773438,474.604248046875,760.6088256835938,262.99945068359375,758.7495727539062,364.82342529296875,758.6093139648438,435.4794921875,713.6030883789062,39.736236572265625,731.251220703125,43.59449005126953,0.0,0.0,760.7133178710938,53.340702056884766,744.9424438476562,472.6391296386719,758.67138671875,466.74053955078125,756.693359375,443.2574462890625,701.9179077148438,509.8740234375,695.92333984375,503.9947814941406,723.451171875,478.5109558105469,none
49,680.3199462890625,5.351804256439209,697.9916381835938,51.394004821777344,645.0328369140625,55.33119201660156,639.1898193359375,133.7281036376953,650.8613891601562,216.04965209960938,756.70068359375,39.744625091552734,788.0437622070312,108.26661682128906,786.0802612304688,182.75811767578125,709.6510009765625,206.21099853515625,678.322265625,210.08013916015625,682.2940673828125,321.8465270996094,694.021728515625,413.7893371582031,741.0728149414062,202.28358459472656,745.0443725585938,304.1756286621094,741.0300903320312,364.8471374511719,670.5581665039062,5.373722076416016,688.1864013671875,5.372792720794678,662.694091796875,5.379945278167725,713.66357421875,5.37406587600708,727.2568359375,400.2091979980469,739.0984497070312,398.25042724609375,729.3576049804688,359.052490234375,682.2865600585938,445.1416015625,670.5548706054688,437.3570861816406,698.0198364257812,415.88134765625,none
50,660.730224609375,5.333874225616455,676.4129028320312,67.14769744873047,617.6766357421875,71.06241607666016,617.50439453125,149.4093475341797,627.400146484375,227.72557067871094,729.3611450195312,57.31910705566406,760.721435546875,118.06978607177734,760.6314086914062,194.50352478027344,686.1996459960938,214.07850646972656,654.8256225585938,219.924072265625,662.6734008789062,331.57843017578125,666.68212890625,406.07427978515625,719.4741821289062,212.0487060546875,721.4551391601562,333.48260498046875,729.4158325195312,421.7315673828125,649.023681640625,5.363546371459961,672.4774169921875,5.37053918838501,635.293701171875,5.359970569610596,696.0545043945312,5.3486785888671875,731.259765625,458.9165954589844,745.074951171875,453.0482482910156,729.3626708984375,429.5069274902344,652.8545532226562,445.2098388671875,645.0319213867188,435.46759033203125,678.3858642578125,411.8829345703125,none
51,654.8358154296875,74.98123168945312,668.6047973632812,131.68643188476562,615.6368408203125,129.75970458984375,604.0250244140625,204.24957275390625,605.9540405273438,278.7390441894531,727.3121948242188,131.69024658203125,764.5903930664062,180.7890167236328,748.919921875,259.0319519042969,666.5986938476562,282.6180725097656,635.2616577148438,284.5953063964844,637.1994018554688,386.42193603515625,650.9644775390625,449.1763916015625,697.9088134765625,280.63775634765625,703.853515625,398.17181396484375,711.5769653320312,494.2420654296875,648.9326171875,65.14519500732422,666.6824951171875,67.08026123046875,635.3336181640625,61.28348922729492,696.0654296875,69.07049560546875,690.123046875,539.2975463867188,707.7094116210938,539.2113037109375,713.555908203125,505.9093017578125,635.3223266601562,488.30865478515625,629.3480224609375,478.54400634765625,662.7030639648438,451.11944580078125,none
52,621.608154296875,137.62721252441406,641.1309814453125,192.49998474121094,586.3179931640625,180.8200225830078,572.6773681640625,257.050537109375,570.5419921875,333.48663330078125,695.9829711914062,196.46327209472656,739.058837890625,249.30697631835938,711.6505737304688,321.7303771972656,621.5422973632812,347.25048828125,592.1473388671875,343.3703918457031,574.5684204101562,445.1961975097656,615.6607055664062,484.3708801269531,651.014892578125,349.1932678222656,666.5921020507812,449.17437744140625,674.4243774414062,543.1964721679688,617.630615234375,123.93140411376953,637.2122802734375,129.7923583984375,0.0,0.0,666.6357421875,133.65293884277344,660.6874389648438,580.4037475585938,676.4064331054688,576.4899291992188,678.3880615234375,554.8375244140625,588.3442993164062,527.4849853515625,584.2775268554688,519.6893920898438,625.5086669921875,482.4807434082031,none
53,576.4871215820312,163.0914764404297,601.953369140625,214.03353881835938,549.084228515625,210.12049865722656,541.1873168945312,278.70477294921875,537.3135986328125,355.10137939453125,652.8762817382812,221.850830078125,696.0337524414062,272.8528137207031,668.5874633789062,347.2403259277344,588.3157958984375,366.82843017578125,556.9806518554688,366.8187255859375,555.01904296875,474.5560302734375,560.8007202148438,556.9391479492188,619.6510620117188,366.84552001953125,646.9656372070312,462.7989501953125,660.6821899414062,552.9663696289062,572.4785766601562,147.49119567871094,590.2754516601562,149.41697692871094,0.0,0.0,621.5172729492188,157.19947814941406,643.085205078125,584.2705078125,658.77783203125,582.3382568359375,664.6725463867188,556.9243774414062,525.5648193359375,590.243896484375,523.6038208007812,586.2112426757812,572.5130004882812,566.6806640625,none
54,554.83056640625,118.0750503540039,586.1668701171875,178.7216033935547,529.4571533203125,178.67697143554688,531.4454345703125,247.36146545410156,539.171875,325.68505859375,635.2323608398438,178.7434539794922,664.6505126953125,251.3018798828125,660.6710815429688,325.7491455078125,590.1812133789062,329.6543884277344,558.9210205078125,331.6178894042969,572.5712890625,431.5347595214844,588.276123046875,509.96966552734375,619.6693725585938,329.60791015625,633.300537109375,429.61395263671875,680.3053588867188,490.21575927734375,543.2088012695312,104.40255737304688,568.5770263671875,106.2583999633789,0.0,0.0,599.9761352539062,114.0689926147461,666.6679077148438,537.2709350585938,682.2288208007812,529.4686279296875,688.1488647460938,486.35540771484375,554.9833984375,541.2659301757812,553.0087890625,537.2477416992188,601.8642578125,519.6785278320312,none
55,562.7377319335938,116.00666809082031,602.0172119140625,165.15660095214844,552.9708862304688,165.12374877929688,556.8418579101562,225.84506225585938,564.7035522460938,292.41400146484375,650.9307250976562,165.15765380859375,709.6981201171875,225.82093811035156,680.4038696289062,304.1468811035156,617.625,313.9569091796875,590.1697387695312,313.9354248046875,605.92626953125,415.7947998046875,631.3419189453125,492.2653503417969,645.0098266601562,312.01031494140625,649.0309448242188,431.5037841796875,666.5971069335938,529.5006103515625,556.8966674804688,100.4373550415039,574.5609130859375,102.30789184570312,0.0,0.0,611.7713623046875,104.33170318603516,652.884033203125,570.638427734375,666.6709594726562,570.5611572265625,674.4688110351562,535.3657836914062,592.1779174804688,523.5482788085938,590.2119140625,513.7568359375,639.1715087890625,498.13641357421875,none
56,604.023193359375,123.91249084472656,643.0923461914062,178.73890686035156,592.1552124023438,163.16148376464844,594.1297607421875,215.9901580810547,590.1846923828125,286.4726867675781,692.0642700195312,194.36672973632812,739.0399169921875,266.9612731933594,695.9592895507812,329.6444396972656,637.2058715820312,331.60736083984375,613.6580200195312,329.6278991699219,635.2251586914062,425.6438293457031,662.690185546875,478.4665832519531,664.6316528320312,333.5466613769531,662.6897583007812,449.1522521972656,666.606689453125,541.1641845703125,603.902099609375,114.0706558227539,619.5468139648438,116.09229278564453,0.0,0.0,656.7752075195312,119.96916198730469,633.2819213867188,572.6148071289062,648.896240234375,574.5465698242188,680.2659912109375,541.2908325195312,627.4296264648438,507.88739013671875,627.4176635742188,498.15850830078125,674.4281005859375,480.46331787109375,none
57,615.6917724609375,112.14179229736328,643.0637817382812,165.03155517578125,598.0308227539062,139.61288452148438,592.1255493164062,186.63417053222656,586.2793579101562,253.2532958984375,686.173828125,190.50880432128906,697.9990234375,272.7487487792969,664.5713500976562,321.8809814453125,619.6298828125,306.143310546875,596.0380859375,300.26373291015625,580.3987426757812,396.164794921875,633.2959594726562,443.2314453125,648.9149780273438,313.94879150390625,658.74072265625,415.9060974121094,666.7001342773438,503.97235107421875,615.5843505859375,98.47962188720703,627.4498901367188,102.34322357177734,0.0,0.0,664.5986328125,112.1866455078125,635.32080078125,537.2640380859375,650.9627685546875,537.3233642578125,680.2380981445312,507.90802001953125,601.9962768554688,474.6199035644531,601.9343872070312,462.92926025390625,646.9578857421875,445.2061462402344,none
58,568.6500854492188,86.77660369873047,592.18994140625,147.35025024414062,549.0523681640625,121.97359466552734,549.0447998046875,182.7178955078125,541.3126220703125,243.39869689941406,637.2162475585938,165.138916015625,650.9107666015625,249.32159423828125,627.38330078125,306.1413879394531,588.182861328125,292.3864440917969,556.9630737304688,288.4552001953125,556.8894653320312,390.4027099609375,558.8875732421875,476.53668212890625,617.598876953125,296.3123779296875,643.070068359375,390.366455078125,654.820556640625,462.8762512207031,562.760009765625,73.0290298461914,584.2916870117188,80.85244750976562,0.0,0.0,617.6227416992188,86.70472717285156,621.5726928710938,494.2777099609375,637.2423706054688,496.14886474609375,666.535888671875,466.76007080078125,525.640869140625,509.8217468261719,523.624755859375,502.0373229980469,570.64013671875,480.50543212890625,none
59,511.8997497558594,84.66100311279297,545.1526489257812,137.68495178222656,496.1507568359375,131.72842407226562,500.0484924316406,192.44424438476562,507.8128356933594,259.0965881347656,596.0519409179688,149.36184692382812,617.6152954101562,227.83004760742188,601.8639526367188,298.27801513671875,554.951416015625,292.3851623535156,525.5537719726562,290.45709228515625,539.3153686523438,388.3799133300781,556.8499145507812,462.9403076171875,584.283447265625,292.4205322265625,601.907958984375,396.1905517578125,645.0867919921875,447.22174072265625,509.7955627441406,69.04383087158203,527.4912109375,70.97480010986328,0.0,0.0,558.9210815429688,73.00457000732422,617.5084228515625,488.3474426269531,631.327880859375,488.28070068359375,656.7886962890625,449.1333312988281,523.64404296875,496.1519775390625,521.6585693359375,492.1521301269531,568.6227416992188,470.7200927734375,none
60,525.6104125976562,106.27518463134766,558.8502807617188,165.07606506347656,507.98602294921875,163.06979370117188,515.7703247070312,227.8142852783203,525.5980834960938,300.2754821777344,609.8120727539062,167.09820556640625,635.3339233398438,255.12420654296875,619.5067749023438,319.7506408691406,574.529296875,306.1733703613281,552.9163208007812,308.0552062988281,570.681640625,402.15435791015625,590.2567138671875,476.59136962890625,601.9368896484375,306.16241455078125,602.0348510742188,423.635986328125,619.5543823242188,513.7704467773438,523.4869384765625,96.46926879882812,541.1350708007812,98.42698669433594,0.0,0.0,572.56787109375,100.44587707519531,602.0335693359375,556.8875732421875,617.6621704101562,556.8275146484375,627.434326171875,521.60400390625,556.912841796875,505.923095703125,556.88525390625,496.1265869140625,603.8243408203125,482.4325256347656,none
61,648.92529296875,131.69252014160156,668.5962524414062,184.67861938476562,619.6471557617188,176.8333282470703,617.5706787109375,243.46359252929688,617.5226440429688,306.1150207519531,717.5450439453125,196.3896026611328,729.2476806640625,276.7471008300781,705.746826171875,343.37701416015625,662.661376953125,335.4664306640625,635.249755859375,333.5442810058594,652.9061889648438,417.8316650390625,686.2323608398438,472.6691589355469,684.2041015625,335.5566101074219,682.347900390625,445.1915588378906,690.0890502929688,535.3341674804688,641.112060546875,116.16703796386719,660.731201171875,118.0772705078125,0.0,0.0,686.22265625,120.07154083251953,662.69677734375,572.4907836914062,678.3518676757812,572.5057983398438,697.918701171875,539.3248901367188,660.7276000976562,494.2269592285156,658.7647094726562,492.1658020019531,699.93603515625,476.51788330078125,none
62,731.3052368164062,135.7030487060547,746.9683227539062,194.35662841796875,697.9834594726562,176.8100128173828,686.1734619140625,241.36949157714844,680.2256469726562,306.0581970214844,797.8389892578125,210.09605407714844,803.75390625,286.5496826171875,774.2639770507812,345.3221130371094,725.3155517578125,335.4429626464844,696.0501098632812,327.69500732421875,680.3763427734375,427.51324462890625,719.4754028320312,466.8133239746094,748.8612060546875,337.51007080078125,756.693115234375,439.3681335449219,758.731201171875,515.7548217773438,727.3931884765625,120.07962036132812,746.927490234375,129.79812622070312,0.0,0.0,776.3958740234375,133.67791748046875,729.3350219726562,549.0269165039062,745.01708984375,550.99560546875,764.5670166015625,523.4927978515625,692.0676879882812,507.8739318847656,686.21044921875,498.1178894042969,729.3412475585938,466.7903747558594,none
63,733.2547607421875,178.67767333984375,746.9623413085938,227.76010131835938,696.0365600585938,214.11279296875,682.273681640625,286.5145568847656,680.2962646484375,366.85321044921875,801.8062744140625,241.41358947753906,807.6583862304688,319.7730712890625,780.263671875,380.4944152832031,729.3844604492188,370.8243103027344,699.91943359375,368.8103332519531,696.01318359375,474.5497741699219,695.8709106445312,556.9903564453125,760.6420288085938,376.6213073730469,776.2713012695312,464.7803649902344,778.2794189453125,535.3408203125,729.2520141601562,163.0948486328125,746.9204711914062,165.04879760742188,0.0,0.0,776.35400390625,167.0808563232422,752.8216552734375,562.7958374023438,768.51025390625,564.6954345703125,789.9696655273438,539.2550659179688,672.5097045898438,601.8839111328125,664.6354370117188,590.2247314453125,697.9774780273438,566.711669921875,none
64,682.3130493164062,210.0498809814453,697.9901733398438,259.11029052734375,647.0301513671875,257.1119079589844,637.2383422851562,321.72723388671875,639.2213745117188,396.2017517089844,754.7400512695312,263.02496337890625,772.4164428710938,337.49853515625,752.8220825195312,400.1771545410156,696.0755615234375,400.2042541503906,666.5762939453125,400.2044372558594,670.544677734375,502.0686340332031,682.2650146484375,578.463134765625,727.3416748046875,400.2223815917969,743.0288696289062,488.3276062011719,770.4375610351562,543.2041015625,676.400390625,194.53952026367188,696.0203247070312,196.3544921875,664.5523071289062,194.36891174316406,717.5880737304688,196.39952087402344,743.0538940429688,580.364501953125,758.7061157226562,578.4190063476562,778.3079223632812,547.0999145507812,666.570068359375,615.61572265625,656.8336791992188,605.8436889648438,692.08447265625,586.1929931640625,none
65,619.662841796875,194.39859008789062,637.2496948242188,241.42494201660156,586.2958984375,241.4709014892578,586.3675537109375,304.2127685546875,598.0196533203125,372.7366638183594,693.995361328125,239.53834533691406,713.7447509765625,306.2004699707031,703.7954711914062,372.7090148925781,650.93115234375,378.5798034667969,621.5051879882812,380.5872497558594,637.1813354492188,476.55517578125,650.9323120117188,539.3373413085938,680.3839721679688,374.6722106933594,695.9140625,476.58056640625,723.3803100585938,505.93182373046875,613.6578979492188,180.69166564941406,633.3037109375,178.8391876220703,601.8480224609375,178.79832458496094,654.8214111328125,178.68775939941406,711.6668090820312,547.080322265625,727.287353515625,541.2700805664062,729.23974609375,498.11865234375,635.3580322265625,572.5756225585938,629.3619995117188,568.6115112304688,660.7533569335938,541.2787475585938,none
66,600.0036010742188,178.77734375,621.5422973632812,223.78965759277344,570.66748046875,215.99090576171875,572.4954223632812,276.73834228515625,580.4324340820312,351.10308837890625,672.5123901367188,225.85604858398438,703.8228759765625,288.385009765625,682.381103515625,351.2019348144531,631.3729248046875,353.15167236328125,603.8240356445312,353.1833190917969,613.7354736328125,447.1080322265625,631.3350219726562,502.0272216796875,656.7987670898438,353.15289306640625,662.7171630859375,458.9011535644531,676.4259033203125,525.6195678710938,588.3484497070312,165.0266571044922,611.7364501953125,165.10511779785156,0.0,0.0,639.1658325195312,165.0526123046875,664.6574096679688,562.7805786132812,680.2913818359375,560.7867431640625,678.3729858398438,531.4482421875,611.740966796875,537.23193359375,603.839599609375,525.607666015625,637.2611694335938,502.04473876953125,none
67,602.00390625,161.09323120117188,623.5078735351562,198.421142578125,582.3917846679688,180.7692108154297,586.334716796875,239.50445556640625,572.6216430664062,290.3871765136719,666.636474609375,219.90530395507812,713.7039794921875,266.939697265625,684.2371215820312,323.7231140136719,617.6930541992188,327.69281005859375,588.3076171875,321.8185119628906,586.1961669921875,415.7937316894531,617.7115478515625,458.9039306640625,647.0277709960938,333.5391540527344,650.9498291015625,427.572509765625,664.55419921875,492.14263916015625,599.97412109375,147.369140625,617.5559692382812,149.4496307373047,0.0,0.0,648.9033813476562,159.1539306640625,649.0303344726562,523.6166381835938,664.5923461914062,523.54541015625,666.53515625,492.2994689941406,598.039794921875,496.12860107421875,588.3136596679688,492.1418762207031,631.3305053710938,456.98724365234375,none
68,607.8571166992188,131.72206115722656,631.369384765625,176.7572479248047,586.2489013671875,153.31982421875,590.2750854492188,210.0500946044922,582.3613891601562,243.497802734375,676.39111328125,194.41270446777344,695.9039916992188,257.0381164550781,635.214599609375,298.2761535644531,619.5859985351562,304.1305236816406,590.1669311523438,294.3857116699219,599.9805908203125,386.4684143066406,619.6036987304688,429.47650146484375,649.0510864257812,308.068359375,662.6685791015625,398.1888427734375,666.6434326171875,460.9546813964844,603.9432983398438,116.11817932128906,621.5986938476562,120.0455322265625,0.0,0.0,651.0003051757812,131.7057342529297,658.7597045898438,494.2247619628906,672.4545288085938,494.1302185058594,668.5846557617188,464.79718017578125,603.9110107421875,462.9417724609375,596.08837890625,458.9270324707031,633.234619140625,425.64691162109375,none
69,596.0824584960938,149.31716918945312,617.5899658203125,190.5503692626953,564.7166748046875,188.57916259765625,562.75244140625,243.50262451171875,568.655029296875,306.2074890136719,666.5982666015625,190.56460571289062,682.36083984375,245.3851318359375,648.9564819335938,304.1055908203125,623.4912109375,313.9611511230469,598.0205688476562,313.9530334472656,607.8057861328125,396.2628479003906,623.5181274414062,435.4264831542969,650.9996948242188,315.9234619140625,652.9573364257812,409.9724426269531,674.41748046875,460.8635559082031,588.1544799804688,133.802490234375,605.9166870117188,135.6652069091797,0.0,0.0,635.1864624023438,133.79574584960938,666.631103515625,492.2989196777344,680.3894653320312,490.26837158203125,678.361083984375,460.8610534667969,611.7345581054688,464.8367919921875,602.0236206054688,460.8997497558594,633.3186645507812,433.5179748535156,none
70,598.0285034179688,176.8168487548828,619.654296875,212.0725860595703,570.5760498046875,214.06930541992188,568.685546875,272.886474609375,586.3201293945312,329.6377258300781,672.4694213867188,210.07009887695312,705.7608032226562,241.47235107421875,694.06689453125,306.15509033203125,633.312255859375,337.4554138183594,605.8701782226562,337.51580810546875,615.6857299804688,423.6515197753906,633.3348388671875,462.951416015625,658.7653198242188,335.573486328125,664.5982666015625,433.44879150390625,692.0408935546875,480.56304931640625,588.19189453125,163.12759399414062,605.8662109375,163.125244140625,0.0,0.0,635.1937866210938,163.07220458984375,678.3363037109375,523.6029052734375,692.0322265625,521.6522216796875,697.9577026367188,480.525634765625,617.70361328125,496.22735595703125,607.8513793945312,492.25543212890625,641.1318969726562,462.8626403808594,none
71,611.784423828125,217.9723663330078,633.2518920898438,255.13746643066406,586.2861328125,241.4812774658203,578.4414672851562,278.69647216796875,572.6185913085938,335.5440979003906,678.36083984375,261.1250305175781,684.2579345703125,325.73602294921875,635.2886962890625,364.9012451171875,633.2640380859375,366.8975524902344,603.8599243164062,364.8819885253906,600.0194702148438,455.0168151855469,619.6957397460938,478.5452575683594,662.622802734375,368.868408203125,672.460205078125,455.01837158203125,684.2567749023438,502.037841796875,605.85791015625,206.20700073242188,621.6192016601562,210.16273498535156,0.0,0.0,650.8934936523438,212.02175903320312,674.4034423828125,535.3251953125,684.321044921875,533.351806640625,692.030517578125,502.023681640625,617.5487670898438,519.6741943359375,603.9542236328125,509.9594421386719,633.237548828125,474.6259460449219,none
72,564.7001953125,227.82899475097656,586.3335571289062,259.18878173828125,541.1339111328125,257.13623046875,539.2609252929688,298.28466796875,541.28955078125,351.08575439453125,633.2532958984375,266.9093017578125,651.0302124023438,321.899169921875,605.8440551757812,355.1730651855469,600.0172729492188,382.4518127441406,572.5459594726562,382.46185302734375,588.3170166015625,460.9244384765625,605.8704223632812,503.98162841796875,623.4733276367188,382.464599609375,635.1744384765625,462.8722229003906,660.7509155273438,500.0504150390625,556.8864135742188,217.94908142089844,572.638916015625,221.83351135253906,0.0,0.0,601.8627319335938,215.97520446777344,648.9741821289062,535.330810546875,662.6455688476562,529.5001220703125,666.6409301757812,496.1955871582031,599.9457397460938,535.3394775390625,588.260498046875,525.6478881835938,615.6378173828125,500.06689453125,none
73,539.1857299804688,227.85678100585938,558.8247680664062,268.88824462890625,509.9448547363281,272.7604064941406,509.9794006347656,325.7080383300781,541.2066650390625,366.8882751464844,605.863525390625,261.044189453125,647.0189819335938,290.40631103515625,633.2975463867188,353.093994140625,572.631591796875,388.38348388671875,552.9352416992188,390.3487548828125,566.7097778320312,462.88372802734375,586.31396484375,507.94866943359375,600.0064697265625,386.4312438964844,601.9141845703125,476.5579833984375,633.2400512695312,521.6192626953125,527.4708862304688,219.936279296875,549.0347290039062,219.9348907470703,0.0,0.0,572.5352172851562,219.89373779296875,621.5128173828125,560.8344116210938,635.2457885742188,556.938232421875,637.2044677734375,519.6827392578125,574.575927734375,541.2597045898438,568.6819458007812,537.2872314453125,592.1729125976562,507.8299255371094,none
74,558.8486938476562,259.2195129394531,576.4957885742188,300.25543212890625,529.4733276367188,292.44451904296875,523.4761352539062,345.3046875,535.3231201171875,400.088134765625,621.5911254882812,304.1402282714844,650.9886474609375,351.25372314453125,621.5498046875,404.05584716796875,580.3799438476562,415.9046325683594,556.8184204101562,415.8698425292969,550.98046875,496.1209716796875,578.4431762695312,509.9186706542969,602.0398559570312,417.8315124511719,615.6455078125,505.9479675292969,633.2451171875,552.9010620117188,554.910400390625,251.23873901367188,572.47998046875,255.1537628173828,0.0,0.0,594.1535034179688,257.0644226074219,613.6900024414062,582.367919921875,623.5270385742188,582.3386840820312,637.2178955078125,552.9564208984375,574.4976806640625,549.0525512695312,568.6171875,541.2354736328125,586.3302001953125,505.876220703125,none
75,588.1727905273438,243.43614196777344,609.7984619140625,276.77886962890625,570.5081787109375,270.8897705078125,556.9783935546875,302.22900390625,556.8200073242188,351.25823974609375,650.9844970703125,288.52117919921875,664.6513061523438,353.2070007324219,611.7277221679688,378.56951904296875,615.620849609375,400.235107421875,588.194091796875,400.1788635253906,588.3065795898438,480.4949645996094,603.84228515625,533.3668212890625,637.1826171875,402.1290283203125,650.8833618164062,478.59124755859375,664.5668334960938,533.381591796875,584.2688598632812,231.68116760253906,601.8404541015625,235.61398315429688,0.0,0.0,625.4318237304688,239.52212524414062,643.0885620117188,564.699462890625,654.8601684570312,560.8644409179688,666.7030639648438,537.2754516601562,603.8466796875,568.6054077148438,590.219970703125,560.8170166015625,607.796142578125,533.350830078125,none
76,619.6526489257812,259.0531921386719,637.2758178710938,294.34991455078125,594.093505859375,294.42108154296875,588.3324584960938,341.36553955078125,599.927001953125,394.2770080566406,684.2396850585938,292.4336853027344,711.7040405273438,347.2622375488281,680.3617553710938,396.2003173828125,650.9340209960938,411.8810729980469,627.4271240234375,411.920654296875,639.2230834960938,486.3474426269531,662.6328125,525.5791015625,678.355712890625,411.87274169921875,680.3731079101562,492.1846008300781,705.7479248046875,509.7913818359375,613.6890869140625,247.32485961914062,633.26123046875,245.44509887695312,602.0122680664062,247.33665466308594,651.0416259765625,245.4145965576172,690.0714111328125,543.1859741210938,699.91455078125,541.1917114257812,713.6117553710938,505.87396240234375,651.0210571289062,556.8990478515625,645.0077514648438,554.8388671875,666.6106567382812,525.5516357421875,none
77,664.7271728515625,233.67007446289062,678.3526611328125,272.82562255859375,629.3901977539062,276.7042541503906,619.62841796875,333.4836120605469,651.0006713867188,370.73675537109375,725.402587890625,266.9066467285156,750.8504028320312,296.3342590332031,741.0374755859375,355.1237487792969,684.3038940429688,394.294921875,664.5751953125,396.2612609863281,674.4271240234375,468.7273254394531,688.14990234375,511.8783264160156,711.6859130859375,392.3176574707031,715.657958984375,478.45330810546875,729.2813110351562,535.320556640625,652.9700317382812,225.77359008789062,676.405517578125,225.71934509277344,646.9464721679688,227.75973510742188,695.8850708007812,225.81655883789062,723.3692016601562,568.6115112304688,733.2037963867188,566.6636962890625,729.3240966796875,537.2615356445312,682.2246704101562,545.1063232421875,670.5196533203125,539.3340454101562,696.0464477539062,511.7998352050781,none
78,707.7445068359375,261.06390380859375,709.6883544921875,298.3180236816406,662.6607055664062,294.37371826171875,650.8589477539062,337.5804748535156,664.6119995117188,392.31646728515625,756.7009887695312,302.1263732910156,774.3463134765625,355.0750427246094,742.9130859375,404.0688781738281,709.70556640625,415.8587646484375,682.2096557617188,415.8234558105469,678.3037109375,496.22674560546875,682.3153686523438,521.6010131835938,733.230224609375,415.88800048828125,742.9991455078125,474.6016845703125,735.1763305664062,537.2744750976562,696.0706787109375,255.10955810546875,713.7324829101562,253.22999572753906,682.31298828125,253.1983184814453,729.3972778320312,253.24407958984375,741.0052490234375,572.4843139648438,748.8612060546875,568.6053466796875,729.231689453125,537.327392578125,686.2415161132812,549.0679321289062,678.3267822265625,543.2257080078125,690.0807495117188,515.7310180664062,none
79,692.0806274414062,259.1412048339844,682.2774047851562,292.43463134765625,635.23486328125,302.1717529296875,611.76025390625,335.5103454589844,639.143798828125,386.5105895996094,729.2267456054688,288.4460144042969,745.00048828125,337.5332336425781,727.2384033203125,384.4612121582031,693.9544677734375,411.9013671875,666.611328125,413.8286437988281,666.5875854492188,494.1943664550781,650.9132690429688,556.866943359375,713.6395874023438,409.9593811035156,725.4002685546875,482.4689636230469,725.4181518554688,525.5817260742188,680.2438354492188,253.2466583251953,696.0767822265625,245.4534149169922,656.794677734375,257.05181884765625,703.8226928710938,243.4384002685547,729.2503662109375,558.833740234375,741.0459594726562,554.8994140625,715.6461181640625,525.565673828125,674.4611206054688,588.2034912109375,662.6319580078125,586.3345947265625,645.0119018554688,556.9736938476562,none
80,662.6129150390625,214.01104736328125,637.2218627929688,249.31398010253906,604.0079345703125,272.7528991699219,599.96826171875,335.4641418457031,664.6238403320312,351.14569091796875,670.510986328125,227.692138671875,676.3903198242188,274.7500305175781,684.2991333007812,319.7514953613281,652.9523315429688,366.90960693359375,633.3012084960938,372.72900390625,633.3278198242188,447.1300964355469,617.63037109375,494.2886047363281,678.3916015625,362.9288024902344,695.9313354492188,431.58807373046875,680.2472534179688,464.8031311035156,648.8900146484375,210.20237731933594,662.6455688476562,202.3102264404297,619.588623046875,214.1204376220703,0.0,0.0,696.0171508789062,502.0079040527344,698.0480346679688,492.28533935546875,666.62890625,462.8507385253906,639.2239379882812,525.4925537109375,627.3968505859375,525.4765014648438,609.7783813476562,496.20831298828125,none
81,672.5177612304688,176.76239013671875,645.054931640625,214.05078125,617.5609741210938,231.65362548828125,601.8526611328125,302.1400451660156,662.6638793945312,311.965087890625,672.4552612304688,196.45233154296875,664.7129516601562,251.2616424560547,672.50244140625,286.5176696777344,646.9945068359375,333.5578918457031,625.4298095703125,337.5008544921875,639.205322265625,415.8690490722656,599.9273071289062,454.99078369140625,664.6844482421875,325.70220947265625,666.61474609375,400.1031188964844,633.2952880859375,449.16558837890625,662.6995239257812,167.01718139648438,674.43408203125,163.17161560058594,633.2763061523438,178.67279052734375,0.0,0.0,664.727294921875,468.7257995605469,662.6851806640625,462.8689270019531,625.48291015625,456.9342041015625,617.6788940429688,486.3712158203125,603.9921264648438,482.4300231933594,588.1865844726562,453.0657043457031,none
82,672.48046875,176.7703399658203,641.1193237304688,219.90789794921875,615.6884155273438,233.6514434814453,570.6079711914062,280.6559753417969,607.8319091796875,335.4700622558594,666.7182006835938,204.2250518798828,668.580078125,253.2518310546875,696.013916015625,290.3824462890625,635.288330078125,337.4841003417969,623.4755249023438,341.3849182128906,662.687255859375,417.7951965332031,619.656982421875,476.5963134765625,649.013671875,335.46649169921875,637.1879272460938,402.0901794433594,619.5230712890625,460.8658447265625,662.6259765625,167.05117797851562,672.4674682617188,163.13414001464844,633.2766723632812,180.67111206054688,0.0,0.0,651.00390625,474.5785217285156,650.9857788085938,472.6343994140625,603.9947509765625,462.8051452636719,649.0466918945312,509.837890625,637.199951171875,507.9732971191406,607.861328125,478.49505615234375,none
83,652.8700561523438,215.98123168945312,633.3828125,259.0884094238281,605.861328125,282.6151428222656,588.25732421875,339.4617919921875,646.9366455078125,374.7104187011719,662.7120361328125,235.60430908203125,666.6563110351562,280.6575927734375,684.217529296875,321.9044189453125,637.2171630859375,364.8908386230469,619.5869140625,370.77569580078125,652.9398803710938,447.21533203125,621.5715942382812,509.9626159667969,656.7922973632812,355.07061767578125,680.2744750976562,417.84075927734375,617.5264282226562,464.88958740234375,641.0997924804688,212.16995239257812,651.0325927734375,208.10800170898438,617.6134033203125,227.66868591308594,0.0,0.0,637.2406616210938,490.2591247558594,635.2847290039062,486.37677001953125,603.8509521484375,468.715576171875,643.094482421875,521.5720825195312,635.2807006835938,523.6393432617188,615.6995239257812,515.7880249023438,none
84,639.17041015625,196.3467559814453,635.1698608398438,225.70004272460938,601.8508911132812,241.4141387939453,592.197021484375,304.0804138183594,650.9614868164062,319.72601318359375,666.6747436523438,206.20118713378906,668.6007080078125,241.5390625,680.4020385742188,282.5842590332031,649.0533447265625,337.44500732421875,631.2838745117188,343.361572265625,635.2501220703125,417.8106994628906,623.4750366210938,480.4768371582031,668.5515747070312,331.59515380859375,680.3416137695312,411.9510498046875,680.28125,478.5240783691406,631.2764892578125,190.55990600585938,646.982421875,182.7435760498047,611.7340087890625,190.51560974121094,651.041748046875,178.73631286621094,684.2401123046875,494.194091796875,697.9071044921875,492.1982727050781,668.6301879882812,488.2829895019531,637.2102661132812,494.13604736328125,621.5250244140625,492.29937744140625,617.6766967773438,488.307373046875,none
85,619.6732177734375,194.38226318359375,637.2821655273438,223.8108673095703,598.0035400390625,219.95875549316406,586.3656005859375,270.8111267089844,613.7095947265625,311.9737854003906,682.2354736328125,225.689697265625,698.0441284179688,266.9079284667969,682.3290405273438,317.8631591796875,635.3309936523438,327.68316650390625,615.6428833007812,327.65545654296875,619.5653686523438,404.05615234375,637.1986694335938,462.9330749511719,662.6718139648438,327.6669616699219,670.5361938476562,398.13800048828125,690.0931396484375,447.2258605957031,617.6959838867188,180.77188110351562,633.2852172851562,184.65614318847656,0.0,0.0,654.8515625,182.73834228515625,695.968505859375,460.8699951171875,697.9933471679688,458.92291259765625,690.1331176757812,451.1227111816406,641.1588134765625,480.5281066894531,633.2365112304688,480.4971618652344,646.9866943359375,468.7093200683594,none
86,582.3565673828125,194.4575653076172,611.7329711914062,225.87457275390625,572.65966796875,212.09912109375,580.4282836914062,255.1347198486328,576.4651489257812,290.5376281738281,646.9852905273438,239.47329711914062,664.56298828125,292.38677978515625,617.5816650390625,319.7828674316406,617.577392578125,343.3419494628906,592.1901245117188,341.3850402832031,605.8457641601562,413.82720947265625,633.2011108398438,458.95819091796875,635.3405151367188,343.36798095703125,654.891845703125,402.15728759765625,682.3009033203125,449.1183166503906,582.391357421875,182.72613525390625,588.2435913085938,188.6144561767578,0.0,0.0,617.6220703125,194.3653564453125,682.2230834960938,462.843017578125,692.0775146484375,460.83447265625,684.21826171875,453.062255859375,617.5380249023438,484.4225769042969,609.749755859375,478.5359191894531,637.25390625,460.85467529296875,none
87,523.516357421875,194.41903686523438,560.78369140625,233.62744140625,539.3056030273438,221.85073852539062,554.84521484375,259.15106201171875,539.1890869140625,298.28271484375,586.179443359375,245.35012817382812,617.5062255859375,294.38580322265625,586.172607421875,339.40997314453125,584.3118896484375,337.43902587890625,568.5911865234375,335.525634765625,572.61083984375,415.8697814941406,603.9065551757812,447.1255798339844,601.8712768554688,337.5531005859375,588.1812744140625,415.86248779296875,639.1625366210938,435.4525451660156,523.5652465820312,184.66983032226562,527.5197143554688,188.5996551513672,0.0,0.0,554.9042358398438,196.47789001464844,633.3898315429688,460.9046325683594,645.0485229492188,456.94635009765625,649.01220703125,431.56451416015625,584.33203125,470.6935729980469,584.2761840820312,462.8970947265625,611.7695922851562,447.2363586425781,none
88,496.2113952636719,219.89317321777344,547.0844116210938,257.05584716796875,554.843017578125,233.6457977294922,537.2568359375,276.7341003417969,507.8648986816406,302.1779479980469,541.2315063476562,276.77642822265625,568.6604614257812,335.5041809082031,547.0687255859375,368.9174499511719,556.9722900390625,351.1568603515625,551.0217895507812,343.35986328125,521.613037109375,384.563720703125,564.7196044921875,447.1065368652344,566.7135620117188,355.13104248046875,562.737548828125,431.4845886230469,603.8651733398438,464.84967041015625,0.0,0.0,503.954833984375,212.11236572265625,0.0,0.0,521.5794067382812,225.7250518798828,574.5131225585938,490.22802734375,590.2118530273438,492.2316589355469,615.6300048828125,464.80279541015625,552.9067993164062,476.4964904785156,545.1524658203125,470.65179443359375,574.5592651367188,449.1676940917969,none
89,478.4812927246094,259.0754089355469,525.4871826171875,292.46697998046875,537.2403564453125,270.8204345703125,568.6659545898438,294.3646545410156,547.099853515625,331.60955810546875,511.8407287597656,319.7863464355469,515.7623901367188,380.55047607421875,476.5356140136719,364.873291015625,543.2088623046875,398.1529235839844,552.9779052734375,388.4012756347656,517.6802978515625,445.1106262207031,550.9869995117188,494.2699890136719,541.175048828125,402.12603759765625,556.8753051757812,478.5670166015625,601.8692626953125,525.5828247070312,0.0,0.0,482.4327697753906,255.15789794921875,0.0,0.0,500.1036682128906,264.9521179199219,580.37451171875,543.2457275390625,590.1698608398438,547.1226806640625,611.7628784179688,527.529296875,525.6192016601562,509.9632263183594,525.6393432617188,507.8804931640625,558.829833984375,505.88323974609375,none
90,519.6205444335938,290.4356994628906,556.9945068359375,329.64031982421875,564.7612915039062,315.9143981933594,558.881103515625,361.00860595703125,537.240478515625,390.3360290527344,555.016357421875,347.23291015625,578.43115234375,398.2536926269531,543.2122802734375,427.5850830078125,584.342041015625,419.77569580078125,588.2789306640625,415.7726135253906,582.351318359375,478.49884033203125,619.6343383789062,531.4385986328125,576.52197265625,429.5159606933594,556.898681640625,496.20941162109375,617.6076049804688,543.1570434570312,0.0,0.0,523.6376953125,286.47308349609375,0.0,0.0,539.2949829101562,290.55303955078125,603.8541870117188,572.6276245117188,613.6700439453125,572.5404663085938,631.3244018554688,545.1187744140625,588.166748046875,545.1666870117188,586.2380981445312,543.1954956054688,635.2216186523438,535.31591796875,none
91,605.9259643554688,302.1311950683594,646.9827270507812,335.5542297363281,648.8797607421875,319.7792663574219,633.36572265625,361.00567626953125,609.8041381835938,384.5731201171875,645.0401611328125,353.2210998535156,676.350830078125,400.2305908203125,641.1132202148438,431.4371643066406,662.6118774414062,431.529296875,666.5433959960938,429.4781494140625,666.60107421875,468.7414245605469,709.6704711914062,515.7642822265625,654.8929443359375,437.38409423828125,658.78125,505.8694763183594,693.9649047851562,556.8807373046875,0.0,0.0,617.5101318359375,292.45526123046875,0.0,0.0,633.2710571289062,304.2471923828125,658.7921752929688,570.56005859375,666.6350708007812,572.6154174804688,701.8469848632812,562.7603149414062,692.0584716796875,525.5730590820312,695.940185546875,523.6026000976562,715.6219482421875,521.6153564453125,none
92,645.0361328125,319.9083251953125,672.4570922851562,353.12908935546875,658.798828125,335.5401916503906,662.6549072265625,368.8404235839844,650.8506469726562,396.2050476074219,684.2261352539062,370.8362121582031,682.3468017578125,427.54315185546875,639.158447265625,427.60089111328125,682.3430786132812,445.1383361816406,668.5618896484375,435.466796875,656.8267211914062,490.2518615722656,692.0360717773438,531.4365234375,697.8994140625,447.2095947265625,709.6644897460938,513.79248046875,743.0587768554688,570.5974731445312,646.9732666015625,310.023193359375,650.9414672851562,319.73138427734375,0.0,0.0,674.4238891601562,323.7818298339844,711.7338256835938,584.2510986328125,721.4544677734375,586.2997436523438,756.6886596679688,574.5581665039062,668.6016235351562,554.8798217773438,668.53466796875,547.0991821289062,697.996826171875,537.2883911132812,none
93,647.0149536132812,353.10943603515625,666.6146240234375,382.59503173828125,637.2672119140625,368.8793029785156,645.0701904296875,411.861083984375,633.300537109375,447.1377258300781,695.9099731445312,396.2607421875,709.647705078125,445.2513427734375,676.34423828125,480.4922790527344,678.2816772460938,476.61224365234375,658.7736206054688,474.5791931152344,664.5628662109375,531.3963012695312,686.2366333007812,568.6862182617188,695.9097900390625,478.59735107421875,695.9754638671875,549.0594482421875,754.7337036132812,586.1821899414062,645.0591430664062,345.28216552734375,651.0422973632812,349.2339782714844,0.0,0.0,678.2931518554688,351.1323547363281,727.4032592773438,604.0015258789062,741.051025390625,605.8449096679688,764.5796508789062,586.3053588867188,666.6814575195312,588.1992797851562,666.5779418945312,584.2748413085938,696.0382080078125,570.6432495117188,none
94,672.492919921875,380.53564453125,684.2305908203125,404.1072082519531,650.8566284179688,404.0459899902344,648.9765625,447.160400390625,656.7950439453125,490.28564453125,721.4625854492188,406.0702819824219,746.9097900390625,449.1157531738281,745.0308227539062,498.10211181640625,699.90283203125,498.1661376953125,682.2150268554688,502.01739501953125,698.0504150390625,560.7921142578125,713.5388793945312,596.0827026367188,721.4758911132812,498.1128845214844,731.3048095703125,570.5910034179688,745.02783203125,633.2190551757812,666.6548461914062,368.8630065917969,680.3760986328125,368.8966979980469,0.0,0.0,697.9347534179688,368.90325927734375,741.0458374023438,660.7318115234375,750.8465576171875,656.816650390625,746.9268188476562,635.2621459960938,697.909912109375,617.6143188476562,695.8895874023438,609.7642211914062,719.4957275390625,599.9212036132812,none
95,701.876708984375,433.43798828125,711.6083984375,460.8984680175781,672.4782104492188,460.8062438964844,664.65576171875,500.0648498535156,664.5960083007812,545.1793823242188,745.0628051757812,462.775390625,760.7532348632812,502.04742431640625,754.7970581054688,551.0053100585938,711.5790405273438,552.9442749023438,688.1549682617188,552.9265747070312,692.0994873046875,603.924560546875,709.6882934570312,633.2021484375,729.3038940429688,552.9779663085938,742.9771728515625,617.574951171875,746.92626953125,676.4009399414062,697.8602905273438,427.6062927246094,711.7008056640625,429.4627380371094,688.1780395507812,421.7254943847656,727.3212890625,427.5733337402344,746.9386596679688,697.9017944335938,760.5803833007812,696.0105590820312,745.0328369140625,680.3372802734375,699.9619140625,654.8757934570312,695.9089965820312,650.8737182617188,713.62939453125,629.3607177734375,none
96,631.2589111328125,460.8855895996094,633.1985473632812,486.34759521484375,590.1609497070312,480.4995422363281,572.63720703125,521.640869140625,566.6442260742188,562.7537231445312,666.7018432617188,490.2519836425781,680.251708984375,531.4181518554688,664.6629638671875,582.340576171875,623.4889526367188,584.2581787109375,601.9916381835938,582.3616333007812,605.838134765625,650.9346313476562,619.5388793945312,698.0610961914062,648.90771484375,584.3135986328125,652.8610229492188,643.0867309570312,654.81884765625,692.10205078125,619.677490234375,449.1679992675781,635.2879638671875,451.1059875488281,615.6378784179688,447.1927795410156,650.8717041015625,451.08013916015625,654.8814697265625,703.8473510742188,0.0,0.0,650.9723510742188,694.0368041992188,619.6005249023438,715.6123657226562,611.767578125,715.6102294921875,625.4340209960938,701.8775024414062,none
97,539.2755126953125,480.5359802246094,541.295166015625,507.84039306640625,505.9745788574219,511.9029541015625,494.18792724609375,560.7764892578125,496.19512939453125,613.696533203125,584.2463989257812,496.1227111816406,603.8240356445312,537.33203125,605.88623046875,586.2550048828125,556.97900390625,603.8402099609375,539.1868286132812,605.9248657226562,545.1600952148438,680.270263671875,558.923828125,715.6301879882812,582.3209228515625,600.002197265625,588.22998046875,652.859619140625,590.1930541992188,695.9505615234375,527.5604858398438,476.5413818359375,543.2042846679688,474.5941467285156,519.6387939453125,474.6213684082031,556.8969116210938,464.826904296875,594.09814453125,715.5905151367188,603.8809814453125,700.0015258789062,588.1732177734375,694.050048828125,558.8755493164062,715.6651000976562,558.8697509765625,715.6619873046875,566.6339721679688,715.6328125,none
98,535.302001953125,445.30706787109375,537.332763671875,468.7493896484375,496.15911865234375,478.6253967285156,494.1254577636719,527.55810546875,509.8749084472656,578.4115600585938,572.6580810546875,458.92572021484375,598.0244750976562,494.25213623046875,603.8884887695312,541.2770385742188,556.9111938476562,570.556884765625,537.3201904296875,572.6275634765625,539.3150024414062,637.2103881835938,543.197265625,682.2042236328125,580.40087890625,562.7957153320312,596.0936889648438,635.189697265625,603.9505615234375,690.0924072265625,523.6358642578125,441.2570495605469,539.28515625,433.5077209472656,509.90533447265625,437.4175720214844,551.0286254882812,429.59283447265625,615.6528930664062,701.9038696289062,621.5625610351562,698.02978515625,601.9528198242188,695.9248046875,541.2867431640625,698.0604858398438,533.3654174804688,697.9096069335938,551.0463256835938,682.2518310546875,none
99,568.623779296875,413.9141540527344,570.4845581054688,443.1792907714844,525.5355834960938,443.2350158691406,509.934814453125,490.209228515625,509.9743957519531,539.2098999023438,607.8255004882812,433.5519714355469,619.703369140625,480.4482116699219,619.6769409179688,527.546630859375,570.611083984375,539.3313598632812,545.1486206054688,541.1817626953125,541.3287353515625,601.94580078125,541.203369140625,635.2093505859375,590.265869140625,539.3011474609375,601.96240234375,605.85693359375,603.9755249023438,662.6878051757812,556.928466796875,404.06170654296875,572.6204223632812,404.0692138671875,545.1921997070312,400.1212158203125,588.1592407226562,400.19964599609375,605.9053955078125,693.9894409179688,619.5852661132812,684.2529907226562,602.004638671875,664.6634521484375,541.1410522460938,654.896484375,529.4295043945312,650.9805297851562,543.1957397460938,635.206298828125,none
100,574.5569458007812,400.1408996582031,580.4066772460938,429.4346008300781,539.2255859375,425.60009765625,521.6652221679688,464.8575134277344,509.9216613769531,517.7298583984375,619.6442260742188,429.58099365234375,635.218505859375,476.6539306640625,629.4134521484375,533.3869018554688,572.6621704101562,527.568603515625,552.9500732421875,527.5298461914062,547.12646484375,603.8621826171875,541.2264404296875,650.9078979492188,601.853515625,531.3931884765625,603.8675537109375,594.1305541992188,603.9185791015625,635.2157592773438,570.579833984375,388.4431457519531,586.3374633789062,394.2479553222656,556.9884643554688,384.499755859375,601.9328002929688,388.4132995605469,605.9337768554688,664.7041625976562,619.5552368164062,660.7059326171875,601.9172973632812,635.2218017578125,541.2154541015625,682.293701171875,527.5604858398438,678.3828125,541.3088989257812,650.9485473632812,none
101,564.7158813476562,417.76239013671875,562.7526245117188,445.2929992675781,523.4754028320312,449.1965637207031,507.91632080078125,498.1028747558594,507.9114074707031,554.9854125976562,603.914306640625,439.3232727050781,619.6375732421875,484.4242858886719,621.5421142578125,541.1640625,570.6959838867188,549.059814453125,547.098388671875,552.9853515625,547.0963745117188,625.4398803710938,549.0740356445312,682.23974609375,594.1231079101562,545.116943359375,603.8563842773438,601.8843383789062,605.876708984375,635.3125610351562,554.950927734375,411.9442138671875,570.6450805664062,409.9291687011719,541.1500244140625,407.96856689453125,582.390625,400.2660217285156,609.787841796875,666.6891479492188,619.6987915039062,664.5630493164062,603.92724609375,635.2694702148438,552.973388671875,700.023681640625,541.146240234375,698.0579833984375,552.9540405273438,684.2092895507812,none
102,570.6022338867188,447.1973571777344,556.9910888671875,474.5741271972656,523.5194702148438,488.3258361816406,509.8675537109375,541.1549682617188,523.5556030273438,599.9258422851562,599.9185791015625,456.9806823730469,615.5994262695312,500.0588073730469,619.66162109375,547.1064453125,574.5808715820312,572.5219116210938,554.9214477539062,578.4519653320312,554.9141845703125,649.0501098632812,554.970947265625,699.9378662109375,601.8618774414062,568.5929565429688,609.7874755859375,629.3441772460938,601.9882202148438,666.573974609375,556.9014892578125,443.29833984375,572.5982666015625,435.4271240234375,539.2684936523438,443.1902770996094,576.5270385742188,429.4566345214844,621.5372314453125,695.8783569335938,629.3696899414062,682.38134765625,592.1669921875,666.5423583984375,556.9598999023438,715.5992431640625,551.0208740234375,715.6052856445312,556.8367309570312,715.5942993164062,none
103,600.0056762695312,460.96710205078125,584.336181640625,490.3155517578125,543.2335205078125,503.995361328125,527.4947509765625,556.8591918945312,543.2443237304688,615.6807250976562,619.5875854492188,476.59033203125,631.3126220703125,523.5692138671875,633.365234375,572.5938110351562,588.3160400390625,601.8632202148438,570.5047607421875,603.9387817382812,570.5358276367188,680.3960571289062,564.7551879882812,715.6326904296875,613.7353515625,594.0877685546875,617.5892944335938,662.61767578125,605.8776245117188,715.5865478515625,586.3743896484375,456.98834228515625,601.9692993164062,447.2952575683594,568.5755004882812,458.8695983886719,0.0,0.0,0.0,0.0,0.0,0.0,603.8634643554688,715.5963134765625,558.8392944335938,715.671142578125,562.7523193359375,715.6652221679688,564.7493286132812,715.64501953125,none
104,621.6080322265625,466.7555847167969,601.9920043945312,494.2632751464844,564.7351684570312,503.97247314453125,541.2561645507812,554.9865112304688,564.7578125,611.7581176757812,639.2089233398438,490.2493591308594,649.0665893554688,533.4002075195312,652.9561157226562,586.1727905273438,601.8607788085938,603.8829345703125,574.5634765625,603.9818725585938,574.5375366210938,678.3016967773438,570.6893310546875,715.64208984375,619.6565551757812,601.9740600585938,619.615478515625,668.58837890625,617.5545654296875,715.6416625976562,613.7315063476562,460.93365478515625,627.4207763671875,458.9241943359375,588.2462768554688,460.9494934082031,0.0,0.0,615.6510009765625,715.6642456054688,621.5225830078125,715.6640014648438,617.574462890625,715.6429443359375,568.6619262695312,715.6693725585938,570.6459350585938,715.66748046875,572.5355834960938,715.6495971679688,none
105,617.6281127929688,462.8958740234375,592.181884765625,494.2204895019531,556.8877563476562,509.7870178222656,539.3309936523438,556.9998168945312,568.6495361328125,607.8111572265625,631.3695678710938,480.4919738769531,635.3236083984375,527.5538330078125,645.0787353515625,576.4912109375,603.8662109375,603.8857421875,584.3277587890625,605.88671875,586.2037963867188,680.361572265625,596.04638671875,715.63623046875,621.6078491210938,601.9016723632812,619.6779174804688,678.3435668945312,617.599365234375,715.648681640625,605.8384399414062,460.8240661621094,617.70556640625,455.0167236328125,584.3075561523438,460.91851806640625,0.0,0.0,0.0,0.0,0.0,0.0,617.6343383789062,715.6505737304688,598.0194702148438,715.6689453125,592.1798706054688,715.6660766601562,596.0586547851562,715.6372680664062,none
106,605.9157104492188,462.8346862792969,582.380615234375,494.2082214355469,554.9100341796875,519.6693115234375,552.9423828125,572.5535888671875,594.1036987304688,603.8638305664062,605.9327392578125,474.58843994140625,605.9185791015625,509.8049011230469,619.6686401367188,543.2381591796875,599.9775390625,590.1805419921875,582.3324584960938,598.0628662109375,588.2177734375,658.7876586914062,582.3330078125,698.0172119140625,617.5984497070312,586.2295532226562,625.4367065429688,652.8598022460938,633.3034057617188,715.6231079101562,599.990966796875,460.9085388183594,603.9863891601562,455.0177001953125,572.6262817382812,468.71502685546875,0.0,0.0,627.41162109375,715.6453857421875,639.193603515625,715.6532592773438,633.2925415039062,715.6360473632812,594.11376953125,715.5890502929688,586.232177734375,715.6063842773438,578.4268798828125,699.927734375,none
107,607.8160400390625,435.391357421875,576.4639892578125,476.55096435546875,570.6183471679688,496.21783447265625,572.5453491210938,554.8919677734375,619.5277709960938,564.7119750976562,588.2796020507812,451.09112548828125,0.0,0.0,0.0,0.0,588.2872924804688,566.7085571289062,574.520751953125,572.6109008789062,582.3766479492188,637.26123046875,572.6571655273438,699.9815673828125,603.9345092773438,556.9146728515625,629.3301391601562,607.84912109375,592.1971435546875,649.004638671875,601.9301147460938,431.5938720703125,603.8748168945312,427.57366943359375,582.3748168945312,447.1513977050781,0.0,0.0,621.5534057617188,662.6671142578125,619.5380249023438,654.8583374023438,586.3126831054688,650.9751586914062,586.2943115234375,715.5826416015625,578.4456787109375,715.615234375,572.5381469726562,715.602783203125,none
108,619.5130004882812,406.05096435546875,586.3306274414062,456.9573059082031,600.005126953125,476.5419921875,601.9497680664062,529.4813842773438,635.1766357421875,556.9305419921875,572.5322265625,433.48077392578125,0.0,0.0,0.0,0.0,588.3161010742188,555.0048828125,600.0233154296875,556.975341796875,609.791748046875,627.4430541992188,578.4177856445312,698.0340576171875,582.3321533203125,554.9122314453125,596.0899658203125,611.7811889648438,572.5781860351562,662.7062377929688,615.6057739257812,404.0887756347656,0.0,0.0,603.8171997070312,419.7472839355469,0.0,0.0,599.9696655273438,666.6912231445312,596.0545043945312,664.671142578125,566.6519775390625,666.6298828125,590.1961669921875,715.5928344726562,584.3287963867188,715.6065063476562,570.5768432617188,699.9573974609375,none
109,648.8926391601562,384.5292053222656,617.5341186523438,419.7806701660156,635.2040405273438,431.55584716796875,625.4468383789062,490.2105712890625,646.9740600585938,537.271240234375,594.0980224609375,409.9830322265625,611.7589721679688,453.0820617675781,648.8897705078125,460.8287048339844,604.00634765625,523.5994262695312,619.6287231445312,525.6107788085938,648.8649291992188,582.3480834960938,651.0235595703125,641.0980834960938,590.193115234375,521.6140747070312,592.1832275390625,590.214599609375,582.3292236328125,664.6043701171875,647.0498046875,382.5008850097656,0.0,0.0,635.3753662109375,386.41595458984375,611.7800903320312,382.5496520996094,613.73681640625,666.612060546875,605.8718872070312,664.72705078125,570.6755981445312,672.496337890625,680.3896484375,631.2970581054688,680.362060546875,635.273193359375,648.98779296875,650.86669921875,none
110,0.0,0.0,647.0078735351562,413.9508972167969,668.6128540039062,429.46783447265625,678.2924194335938,478.58349609375,699.9237060546875,509.8424987792969,619.49658203125,400.1531066894531,603.858642578125,441.302734375,629.3548583984375,451.1297302246094,635.29296875,507.9557189941406,651.0289916992188,509.9581298828125,664.5755615234375,570.6494750976562,662.6092529296875,633.3005981445312,619.5875854492188,505.97991943359375,633.2158813476562,552.9390258789062,605.87548828125,617.607177734375,0.0,0.0,0.0,0.0,668.6419067382812,382.5796203613281,643.1244506835938,374.6738586425781,629.3436889648438,635.34912109375,619.6393432617188,633.3573608398438,601.8623046875,621.5889282226562,682.2583618164062,619.6563720703125,682.20654296875,629.3737182617188,652.8841552734375,643.0855712890625,none
111,0.0,0.0,652.9005126953125,394.26287841796875,684.2073364257812,398.2693786621094,696.048095703125,447.1945495605469,670.508056640625,437.3567199707031,621.5576782226562,384.53692626953125,601.991455078125,431.4292907714844,619.508544921875,458.9409484863281,649.0610961914062,488.3476257324219,666.5660400390625,492.1758117675781,664.7030639648438,560.8485107421875,650.9366455078125,635.2901000976562,633.3507080078125,486.32574462890625,650.8702392578125,547.0870361328125,658.7821044921875,576.4822387695312,0.0,0.0,0.0,0.0,678.370361328125,357.1051940917969,647.045654296875,353.2347717285156,680.3336791992188,592.1669921875,678.3623046875,586.3200073242188,652.948974609375,576.5277709960938,672.46044921875,635.2247924804688,668.5903930664062,639.210693359375,646.9755249023438,648.93505859375,none
112,0.0,0.0,650.9409790039062,368.9322204589844,680.32275390625,372.7272644042969,688.1566772460938,417.8687438964844,699.8892211914062,439.322509765625,621.5663452148438,368.7907409667969,619.6380004882812,411.919189453125,639.2153930664062,429.5509033203125,654.8212890625,460.94720458984375,672.4624633789062,460.9129638671875,695.9921875,507.81890869140625,676.3668823242188,570.603759765625,637.2521362304688,462.7968444824219,646.9257202148438,523.5878295898438,641.1510620117188,584.2478637695312,0.0,0.0,0.0,0.0,666.6827392578125,337.4095458984375,637.2271728515625,335.60015869140625,650.9273071289062,584.30712890625,643.0790405273438,584.279052734375,637.2554321289062,588.3003540039062,686.1693725585938,586.3364868164062,690.085205078125,586.3228149414062,666.60498046875,574.5086669921875,none
113,0.0,0.0,666.71240234375,357.0914611816406,696.0701293945312,364.83648681640625,711.6143798828125,406.04644775390625,715.5526123046875,425.6232604980469,639.2139892578125,353.1933288574219,633.2546997070312,398.1104736328125,654.8956298828125,400.1452331542969,666.6512451171875,445.28955078125,684.2340087890625,445.25177001953125,696.05810546875,492.3133239746094,697.9439697265625,541.1539916992188,650.8748779296875,447.1526794433594,648.9159545898438,505.8728942871094,633.2096557617188,570.56982421875,0.0,0.0,0.0,0.0,686.2217407226562,323.787841796875,660.6895751953125,321.8888854980469,635.314453125,586.2904663085938,631.3056030273438,586.2340698242188,631.3267211914062,578.45263671875,701.883056640625,539.2949829101562,711.6061401367188,541.263916015625,696.031494140625,550.9666137695312,none
114,0.0,0.0,670.5509033203125,335.53594970703125,701.843017578125,335.4826965332031,713.6888427734375,368.9181213378906,692.1039428710938,370.7545471191406,643.0908203125,335.5465393066406,623.472900390625,378.57623291015625,635.2976684570312,400.1096496582031,668.5372314453125,421.7040100097656,684.2685546875,423.6432189941406,684.2662963867188,478.593994140625,684.2201538085938,543.1882934570312,651.0460815429688,419.7500915527344,662.6591796875,466.7945251464844,664.5671997070312,515.72216796875,0.0,0.0,0.0,0.0,690.0870971679688,304.2012939453125,662.6669311523438,304.144775390625,666.5480346679688,523.5346069335938,658.7969360351562,521.5972290039062,662.7068481445312,523.582763671875,692.0353393554688,543.1893920898438,695.9682006835938,549.0625,682.2058715820312,554.8653564453125,none
